ra,dec,redshift,brightness,LR,N(0.5),total_N,gal_id,cluster_id
150.12732918,2.62247681,0.52,-22.8,29.74,14,44.0,870905.0,1164.0
150.13615699,1.86128685,0.5202,-23.65,30.09,28,63.0,373831.0,149.0
149.5172568,1.87408996,0.5208,-22.87,29.9,19,50.0,384348.0,930.0
149.81740245,1.72014111,0.5262,-23.07,29.84,18,44.0,286240.0,1058.0
150.5818166,2.1475663,0.5295,-23.03,29.83,18,48.0,557354.0,552.0
150.21038747,1.81648749,0.5305,-22.46,29.59,32,70.0,348419.0,131.0
150.62949052,2.39249709,0.5544,-22.86,29.88,10,45.0,723384.0,1067.0
149.52361555,1.75897202,0.5609,-23.43,29.99,28,73.0,309192.0,305.0
150.41755385,2.40011679,0.5761,-22.13,29.84,11,45.0,728167.0,1248.0
149.61938099,1.73543421,0.59,-23.16,29.88,27,48.0,292852.0,457.0
150.57025297,2.49864915,0.5923,-22.92,29.87,24,63.0,789087.0,571.0
150.2221756,2.35602465,0.5959,-22.14,29.6,12,43.0,698080.0,1348.0
150.04607202,2.26453692,0.6039,-22.3,29.55,15,41.0,637559.0,1306.0
150.70167742,2.56581228,0.604,-21.74,29.53,9,41.0,835437.0,1356.0
150.24972711,2.70727307,0.6059,-22.87,29.76,14,40.0,927762.0,1335.0
150.49067257,2.74789994,0.6067,-22.69,29.69,24,41.0,953345.0,404.0
150.72247888,2.76688485,0.6095,-21.94,29.7,19,42.0,965086.0,699.0
150.56773412,2.61361566,0.61,-23.58,30.15,20,57.0,868440.0,499.0
150.32183681,2.55230002,0.6116,-22.84,29.98,15,40.0,827881.0,1349.0
150.05740537,2.32694537,0.6139,-22.36,29.76,15,42.0,678711.0,1183.0
149.66309375,1.81261977,0.6166,-22.31,29.85,18,44.0,346516.0,1090.0
149.99264109,2.20223822,0.6324,-22.58,29.76,22,40.0,595950.0,778.0
149.6195481,1.90091503,0.6331,-22.57,29.65,31,71.0,401488.0,168.0
149.80630609,1.69208792,0.6399,-22.62,29.67,17,58.0,270787.0,548.0
150.63846323,2.71564274,0.6399,-22.74,29.71,30,61.0,934053.0,184.0
150.19949663,2.14799558,0.64,-22.93,29.8,32,55.0,560167.0,188.0
150.14812325,2.51784537,0.6516,-23.11,29.87,45,101.0,804406.0,87.0
149.92943703,1.96608765,0.653,-22.08,29.45,11,40.0,442994.0,1352.0
149.74546924,1.9503207,0.6532,-22.62,29.68,18,44.0,431773.0,1181.0
150.06597416,2.05319926,0.6575,-22.24,29.94,13,40.0,497366.0,1289.0
150.68619761,2.01558176,0.6603,-21.18,29.32,13,41.0,472355.0,1346.0
150.19303933,1.99094595,0.6631,-22.51,29.62,12,43.0,457744.0,976.0
149.71400444,1.83344554,0.67,-23.03,29.83,17,52.0,358610.0,230.0
150.38572393,1.9899665,0.67,-23.44,30.0,15,40.0,456394.0,1334.0
150.52849474,2.12395284,0.6701,-23.37,30.11,21,43.0,541223.0,1298.0
149.65054509,1.77783038,0.6701,-23.01,29.82,13,49.0,323873.0,1275.0
150.49008162,2.44596101,0.6701,-22.74,29.72,20,52.0,758409.0,870.0
150.6067859,2.01754685,0.6723,-22.02,29.43,14,40.0,474365.0,48.0
149.78529507,2.03016338,0.6785,-23.19,30.31,12,48.0,477739.0,1171.0
149.50369276,2.02412737,0.6788,-23.5,30.01,25,50.0,478093.0,503.0
150.19694656,2.2494547,0.6793,-22.93,29.8,13,55.0,627919.0,806.0
149.48719965,1.67393319,0.6799,-21.64,29.27,17,40.0,258481.0,1274.0
150.05775592,2.61029904,0.68,-23.01,29.83,54,117.0,866167.0,53.0
149.66774979,2.27366808,0.68,-23.31,29.94,26,53.0,643306.0,382.0
150.09239921,2.19362661,0.6801,-22.95,29.81,32,56.0,590057.0,225.0
149.95552793,2.11009751,0.6801,-23.11,29.87,25,67.0,533797.0,311.0
150.28746575,2.39251363,0.6811,-22.25,29.82,30,77.0,723088.0,129.0
149.73070447,2.14731107,0.6857,-22.67,29.84,15,40.0,559691.0,1193.0
150.04931372,2.75019105,0.6903,-22.83,29.76,18,52.0,954415.0,869.0
149.70172358,2.76642794,0.6906,-22.83,29.76,19,42.0,964515.0,34.0
150.43019598,2.08688251,0.6973,-22.84,30.29,13,45.0,519651.0,805.0
150.10893303,2.06397336,0.6983,-22.66,29.78,15,59.0,503252.0,232.0
150.2638855,2.54152404,0.7,-23.3,30.37,18,44.0,820685.0,991.0
150.46752049,1.99077118,0.7001,-23.09,29.85,16,46.0,458200.0,770.0
150.37038349,2.11977,0.7117,-22.41,29.6,12,44.0,540311.0,1351.0
150.25147673,1.98456074,0.7138,-22.32,29.55,16,45.0,453491.0,823.0
149.52932682,2.65909249,0.7178,-22.86,29.87,25,66.0,897133.0,274.0
149.92095993,2.22626268,0.7205,-22.47,29.71,18,42.0,611864.0,1245.0
150.06508711,1.7418657,0.7206,-22.47,29.61,12,45.0,301432.0,1139.0
149.56872858,2.00780748,0.7233,-22.77,29.82,14,47.0,468656.0,1114.0
150.05668881,2.30139264,0.7249,-23.11,29.87,37,87.0,661723.0,90.0
150.11418596,1.91325779,0.7271,-22.78,29.73,17,40.0,410259.0,934.0
149.85012465,2.39282188,0.728,-22.44,29.58,25,60.0,721902.0,235.0
150.12660826,2.70807654,0.7286,-22.63,29.81,22,46.0,929232.0,512.0
150.16572683,1.70948139,0.7294,-23.08,30.25,22,49.0,280535.0,337.0
149.48552197,2.45478574,0.73,-23.01,29.83,19,44.0,764000.0,538.0
149.60655363,2.4426076,0.7308,-22.88,30.06,9,40.0,755416.0,1310.0
149.78092773,1.74178761,0.7342,-22.1,29.46,12,40.0,301441.0,1270.0
150.59968,2.13848351,0.7387,-22.17,30.01,18,40.0,552091.0,1029.0
149.83885667,1.6830623,0.7388,-24.2,30.3,23,52.0,262008.0,709.0
149.92968671,2.53270729,0.7403,-23.72,30.13,76,197.0,814496.0,49.0
150.74078146,2.40384914,0.7423,-23.77,30.23,23,45.0,730131.0,317.0
150.1239339,2.23920172,0.7441,-22.98,30.11,26,57.0,621157.0,247.0
149.62108172,1.71857335,0.7446,-23.26,30.36,8,43.0,284527.0,1307.0
149.97466817,2.55548437,0.7498,-23.57,30.04,34,94.0,826407.0,79.0
149.69070891,1.71459691,0.7594,-22.53,29.63,15,42.0,284635.0,1315.0
150.03192393,2.15759026,0.7602,-23.71,30.04,8,40.0,562407.0,1328.0
150.7328082,2.63238242,0.7845,-22.94,29.4,12,43.0,874442.0,885.0
149.65590262,1.90035104,0.79,-22.54,29.63,14,41.0,401170.0,1283.0
150.42447032,2.77366279,0.7909,-23.36,30.09,29,79.0,969859.0,70.0
150.71160996,2.13571462,0.7923,-22.76,30.13,12,48.0,550223.0,1098.0
150.68959247,2.75328692,0.8,-22.94,29.94,20,48.0,956350.0,677.0
150.03505518,2.65224417,0.801,-23.02,29.81,21,40.0,892922.0,780.0
150.29363083,2.40222428,0.8017,-22.12,29.74,13,44.0,728022.0,1127.0
150.63327035,2.44845958,0.8043,-23.15,30.31,14,52.0,759378.0,721.0
150.4789936,2.56802647,0.8074,-22.83,29.74,23,72.0,838958.0,229.0
149.97118419,2.04976462,0.8084,-22.7,30.1,16,48.0,494211.0,679.0
150.48276349,2.44675658,0.8104,-22.54,29.92,15,56.0,757952.0,771.0
150.55867024,2.65458886,0.8176,-23.38,29.93,24,76.0,894148.0,213.0
150.54646726,2.59661722,0.8196,-23.23,29.88,18,59.0,857343.0,421.0
150.33872964,2.59323435,0.8211,-22.51,30.24,25,51.0,853769.0,525.0
150.5557152,2.21142652,0.8212,-23.67,30.07,38,114.0,602486.0,54.0
150.75090336,2.21415796,0.8215,-23.27,29.9,14,41.0,604819.0,1005.0
150.36932356,1.99948478,0.8224,-23.43,29.96,42,86.0,463397.0,71.0
149.82074473,1.67089475,0.8268,-22.64,29.86,19,40.0,257311.0,36.0
150.68423832,2.40765001,0.8277,-22.87,29.77,29,71.0,732178.0,181.0
150.13676125,1.88049967,0.8278,-22.65,29.67,23,57.0,389394.0,489.0
150.02639547,2.7383896,0.8284,-23.03,30.24,12,47.0,947661.0,1326.0
150.29275434,1.6962539,0.8296,-23.27,30.13,17,45.0,272421.0,1084.0
149.57425483,2.20155099,0.8299,-23.11,29.84,17,46.0,595730.0,1180.0
150.21844026,2.05774908,0.83,-23.79,30.12,32,71.0,498357.0,134.0
150.74303422,2.68049621,0.8301,-23.42,29.96,20,49.0,911466.0,265.0
150.66156888,1.92556291,0.8309,-23.1,29.85,31,62.0,417713.0,175.0
149.64162337,1.98022999,0.8325,-22.83,30.25,12,43.0,451970.0,1269.0
150.71470545,1.9608686,0.8337,-23.05,29.85,13,43.0,439186.0,1221.0
150.45320396,2.22835838,0.8353,-22.86,29.76,14,40.0,613069.0,963.0
149.50306143,2.33521521,0.837,-23.32,30.04,27,59.0,685216.0,375.0
150.12966905,1.67890731,0.8398,-23.32,29.93,16,41.0,261782.0,492.0
149.55172939,2.43718281,0.84,-23.73,30.09,35,73.0,752457.0,81.0
149.66715531,2.37191406,0.84,-23.9,30.16,30,79.0,709386.0,92.0
150.22243126,1.87802379,0.8401,-22.63,30.01,17,42.0,387242.0,1268.0
150.51499072,1.97994588,0.8411,-23.04,30.24,30,67.0,451213.0,276.0
149.5632682,2.28727336,0.8427,-22.51,29.73,15,52.0,651347.0,669.0
149.94563086,2.22793627,0.8429,-22.48,29.71,14,43.0,612375.0,1123.0
149.6973074,2.2939972,0.8473,-23.39,30.48,18,78.0,657006.0,374.0
150.57457532,1.96406686,0.8489,-22.25,29.91,15,44.0,440614.0,1083.0
150.02694677,2.18814397,0.8491,-22.35,29.55,26,60.0,585020.0,370.0
149.80523929,2.43113837,0.8496,-23.01,30.12,16,42.0,748258.0,44.0
149.47764616,2.59210718,0.8503,-23.26,29.91,18,41.0,853656.0,39.0
149.81700912,2.30692906,0.852,-22.86,30.04,17,42.0,664858.0,1088.0
149.57604247,2.74082149,0.8535,-21.72,29.81,10,44.0,947704.0,1103.0
149.50325903,2.16515342,0.8561,-22.06,29.53,14,44.0,570426.0,1207.0
150.10887776,2.01161058,0.8577,-22.67,29.67,19,44.0,471201.0,910.0
150.6741277,2.06318479,0.8599,-23.23,29.9,16,50.0,503592.0,908.0
150.43662228,1.96620848,0.86,-22.96,30.17,37,85.0,443074.0,99.0
149.60623827,2.06287647,0.8601,-23.16,30.27,16,44.0,503020.0,1147.0
149.87580482,1.94099239,0.8601,-22.22,30.11,8,46.0,426117.0,1330.0
150.2148294,2.28668901,0.8623,-22.99,29.9,46,110.0,651583.0,68.0
150.16000165,2.59545542,0.8646,-23.59,30.03,49,95.0,856782.0,60.0
149.47364251,2.26618958,0.8655,-22.94,30.08,28,60.0,638421.0,328.0
149.47749701,2.72141038,0.8698,-23.77,30.11,28,56.0,936797.0,251.0
150.53690147,2.07603675,0.8699,-23.39,29.95,26,67.0,512320.0,323.0
150.08616821,2.53138475,0.8703,-23.97,30.18,62,111.0,813654.0,50.0
149.54958473,1.99398867,0.8703,-23.63,30.05,35,65.0,459784.0,89.0
150.44124083,2.67243508,0.8706,-23.05,29.82,19,61.0,906539.0,651.0
150.40968623,2.51163292,0.8708,-22.8,29.82,44,83.0,800697.0,75.0
150.42768087,2.13139082,0.8721,-23.36,29.94,38,110.0,547997.0,55.0
149.87368554,2.17970714,0.8739,-22.73,29.7,16,46.0,579968.0,1150.0
150.21750397,2.40031657,0.8748,-23.4,29.96,39,66.0,728559.0,91.0
150.07953604,2.43001226,0.8772,-23.42,29.96,22,55.0,740865.0,350.0
149.92928346,2.40897988,0.8778,-23.52,30.01,35,100.0,733907.0,96.0
150.17890128,1.86439368,0.878,-23.29,29.92,13,61.0,378300.0,712.0
149.88515409,2.29750496,0.8786,-22.21,29.48,24,45.0,658132.0,438.0
149.90555925,2.71828501,0.88,-23.45,29.97,41,98.0,934979.0,67.0
150.2319335,1.6630191,0.88,-23.61,30.16,19,40.0,251179.0,530.0
150.31452487,2.47292903,0.8809,-23.19,29.89,22,46.0,775012.0,280.0
149.92211713,2.60803508,0.8858,-23.69,30.21,28,123.0,864423.0,72.0
149.79431025,2.72216217,0.886,-22.18,29.88,20,58.0,937909.0,567.0
149.91578217,2.66231579,0.8875,-23.25,30.3,40,125.0,899129.0,62.0
149.72046877,2.71026574,0.8895,-22.92,30.2,31,61.0,930673.0,133.0
150.24055987,1.79752391,0.8898,-22.77,29.72,19,49.0,336648.0,899.0
150.64531693,2.59748128,0.8994,-22.74,30.0,16,42.0,857408.0,1211.0
150.42031432,2.39287123,0.9011,-22.79,29.73,17,43.0,722385.0,706.0
149.79017666,2.32381378,0.9019,-22.72,29.7,17,41.0,677569.0,1154.0
150.44783217,1.8505031,0.9053,-22.9,29.76,33,75.0,370210.0,93.0
150.04832898,1.68821919,0.9054,-22.14,29.98,14,44.0,266953.0,1213.0
150.67298151,2.22875039,0.9058,-22.55,29.79,14,44.0,613033.0,643.0
150.53701831,2.67023796,0.9096,-23.47,29.98,28,60.0,903454.0,145.0
149.97916848,1.66913655,0.91,-22.11,29.78,20,41.0,255179.0,822.0
149.51531958,2.12443062,0.91,-22.69,29.95,20,55.0,542181.0,735.0
149.96118045,2.03854136,0.9131,-22.41,29.42,22,45.0,487992.0,22.0
149.52618695,2.2905829,0.9172,-22.15,29.47,24,68.0,653375.0,273.0
149.70820086,2.13830567,0.9196,-23.45,30.51,13,42.0,552469.0,1151.0
149.66395448,1.91107582,0.9199,-22.49,30.0,22,60.0,407920.0,476.0
150.15442493,2.39123733,0.92,-23.33,30.32,33,66.0,719153.0,137.0
150.02383067,2.20321087,0.9232,-24.04,30.23,54,123.0,597276.0,51.0
150.46975823,2.68016532,0.9246,-22.39,29.55,22,61.0,910059.0,703.0
149.88828596,1.92069372,0.9263,-22.86,29.77,18,53.0,414540.0,597.0
150.37580657,2.72661361,0.9269,-23.32,29.95,20,79.0,940378.0,118.0
150.04990539,2.2935472,0.9295,-24.01,30.24,40,90.0,655660.0,80.0
150.54854244,2.49867892,0.9296,-23.9,30.16,25,51.0,792094.0,390.0
150.67798549,2.74058775,0.93,-23.82,30.12,22,51.0,949217.0,401.0
150.07133659,2.63569351,0.9308,-23.16,30.6,33,77.0,882552.0,121.0
150.26387119,1.97137273,0.9311,-23.15,30.18,27,69.0,445637.0,144.0
149.51919148,2.26539166,0.9323,-23.14,29.98,30,86.0,637488.0,108.0
150.60897408,2.70782528,0.9343,-22.79,30.43,14,43.0,929193.0,1240.0
149.99943878,2.5087705,0.9358,-22.69,29.68,21,41.0,798287.0,692.0
150.14725428,2.01375009,0.9359,-23.05,29.84,22,55.0,472927.0,840.0
150.63068149,2.61820895,0.9378,-22.26,29.51,12,44.0,869286.0,1184.0
150.06430489,1.75603041,0.9381,-22.61,30.03,15,48.0,310410.0,848.0
149.63425687,2.71804537,0.9384,-22.4,29.66,19,46.0,935243.0,675.0
149.89018678,1.85929456,0.9391,-22.24,29.51,13,43.0,374482.0,1119.0
150.06719829,2.72183757,0.9399,-23.01,30.22,22,59.0,937554.0,500.0
149.98788843,1.88640446,0.9433,-22.7,29.7,21,41.0,391806.0,27.0
150.28414233,1.87525334,0.9434,-22.6,30.16,31,91.0,385076.0,153.0
150.27777793,2.09185171,0.9461,-22.79,29.73,28,98.0,521793.0,128.0
150.08558684,1.90948382,0.9474,-22.91,30.28,9,40.0,407143.0,1341.0
150.53863442,2.13873986,0.9479,-23.16,30.28,15,65.0,552641.0,440.0
149.49202703,2.35924297,0.9484,-21.71,29.77,19,43.0,699797.0,1250.0
150.30104905,1.73124155,0.9496,-22.89,29.86,27,58.0,294653.0,289.0
150.2160962,2.73889368,0.9499,-24.26,30.31,23,64.0,945568.0,539.0
149.620505,2.61012531,0.9503,-22.9,30.17,20,57.0,864268.0,1070.0
150.35790659,2.06893771,0.9513,-22.95,30.02,36,90.0,507236.0,103.0
150.27803538,1.67361833,0.9519,-23.57,30.65,17,44.0,258757.0,715.0
149.94617613,1.858094,0.9521,-22.53,29.61,20,48.0,373747.0,658.0
150.15143364,2.29406581,0.9523,-21.69,29.67,19,63.0,655343.0,582.0
149.84966616,1.79090647,0.9527,-22.51,29.54,12,41.0,331398.0,1264.0
149.79885853,1.68566456,0.9536,-22.84,29.76,29,54.0,265461.0,211.0
150.21055867,2.13524765,0.9552,-23.3,30.43,33,88.0,550139.0,126.0
149.85517715,2.14281594,0.9561,-22.71,29.8,34,81.0,556019.0,112.0
150.47215507,2.56967139,0.9583,-23.37,29.96,24,69.0,839253.0,269.0
149.61761683,2.11578398,0.9586,-23.66,30.45,42,102.0,537719.0,64.0
149.52048448,2.58987353,0.9595,-23.41,29.98,26,88.0,852669.0,180.0
149.78336056,2.03262054,0.9603,-22.69,29.68,21,70.0,483691.0,564.0
150.3687439,1.96479977,0.9612,-23.08,29.85,24,70.0,441581.0,347.0
149.48627107,1.83628997,0.9626,-23.14,29.95,15,50.0,361500.0,685.0
150.40580744,2.49121374,0.9626,-23.16,30.02,21,74.0,786467.0,125.0
149.48423118,1.69170784,0.9638,-22.41,29.57,14,43.0,268973.0,1321.0
149.69789788,2.56950768,0.964,-23.5,30.01,17,41.0,837946.0,1247.0
149.81699521,1.89952284,0.964,-22.82,30.11,22,54.0,401462.0,461.0
149.64319713,2.44207924,0.965,-22.96,30.15,31,95.0,755632.0,143.0
149.7244189,2.50929015,0.965,-22.65,30.24,18,43.0,799465.0,1105.0
150.13699656,1.93794859,0.9659,-22.89,29.77,25,59.0,424867.0,319.0
149.7755312,1.87048874,0.9672,-22.01,29.52,11,44.0,381980.0,1243.0
149.5740905,2.01782083,0.9682,-21.84,29.5,18,65.0,473500.0,581.0
149.72705895,2.0918754,0.9683,-22.91,29.76,18,57.0,519066.0,541.0
150.66492248,2.24218063,0.9702,-23.33,30.23,27,73.0,621568.0,141.0
150.71069577,2.5827037,0.9708,-22.75,29.85,18,41.0,847935.0,803.0
150.37200994,1.65844358,0.9752,-23.68,30.07,26,66.0,249847.0,167.0
150.29564681,2.0349543,0.9761,-22.96,29.79,41,100.0,484128.0,82.0
150.61459792,2.08104773,0.9788,-23.26,29.91,23,65.0,515167.0,405.0
149.57650695,2.67132057,0.979,-21.81,29.42,12,43.0,903700.0,1320.0
149.47879246,2.14907847,0.9794,-23.46,30.49,19,59.0,560377.0,494.0
149.71561474,1.79553199,0.9801,-22.25,29.8,20,60.0,334594.0,690.0
150.46863419,1.9368,0.9814,-23.06,29.84,27,67.0,424484.0,5.0
149.6116201,2.53547055,0.982,-23.25,29.9,20,62.0,816973.0,452.0
149.57934994,2.42100694,0.9821,-23.26,29.9,23,69.0,741453.0,460.0
150.22494377,1.76008649,0.9828,-23.32,29.93,39,93.0,312633.0,63.0
149.83234006,2.43353383,0.9832,-22.33,29.83,21,55.0,749375.0,458.0
149.4722886,2.44899992,0.9836,-22.94,29.8,26,55.0,758801.0,12.0
150.70424985,2.66861665,0.9841,-22.27,29.9,17,51.0,901779.0,284.0
149.5257494,2.75992219,0.985,-22.05,29.41,22,42.0,959635.0,1357.0
150.54873692,2.24199172,0.9851,-22.25,29.91,20,60.0,621236.0,544.0
149.6123011,2.03022071,0.9856,-23.12,29.87,14,76.0,481515.0,363.0
149.85360769,2.5854975,0.9861,-23.57,30.04,41,86.0,848867.0,61.0
149.939875,2.6883353,0.987,-23.52,30.81,24,81.0,915965.0,174.0
150.16129264,1.8147455,0.9873,-22.58,29.65,13,44.0,346510.0,913.0
149.48986166,2.02657633,0.9875,-23.8,30.12,40,108.0,480769.0,52.0
150.66242081,2.38039387,0.9876,-22.27,30.18,31,93.0,713613.0,132.0
150.11957951,2.11718222,0.9876,-23.51,30.0,39,84.0,538394.0,76.0
150.74711897,2.43715474,0.988,-23.78,30.12,18,73.0,752318.0,77.0
150.17615309,2.60812054,0.9883,-23.22,29.9,20,49.0,864033.0,204.0
150.69686396,2.14504507,0.989,-23.86,30.15,17,72.0,557866.0,346.0
150.41198388,1.83116159,0.989,-23.85,30.15,39,78.0,353441.0,59.0
150.44008422,1.74145902,0.9892,-24.06,30.22,28,66.0,297176.0,402.0
150.32390027,2.28228667,0.9897,-23.8,30.14,27,69.0,649380.0,127.0
150.1250261,2.71547326,0.99,-22.7,29.7,29,75.0,932982.0,169.0
150.46364055,2.44047876,0.9907,-23.84,30.15,15,74.0,753651.0,256.0
149.59920446,2.4949516,0.9908,-23.01,29.82,27,70.0,790005.0,342.0
149.79517115,2.61688796,0.9908,-23.53,30.02,16,51.0,870357.0,483.0
149.64833739,2.34140604,0.9919,-23.9,30.17,43,117.0,690316.0,57.0
150.36048277,2.39479671,0.9925,-24.1,30.29,13,42.0,724606.0,1331.0
149.50709636,2.21272752,0.9948,-23.3,30.47,29,87.0,603296.0,104.0
149.97671683,2.62038964,0.9949,-22.79,30.2,15,58.0,870684.0,661.0
149.56592254,2.07888029,0.9971,-23.52,30.13,25,70.0,513923.0,200.0
150.60875685,2.46738446,0.9972,-22.53,29.63,18,50.0,770441.0,245.0
150.55059065,2.55973548,0.9987,-22.2,29.78,20,50.0,831180.0,30.0
149.62476708,2.21934348,1.0003,-23.38,29.97,40,136.0,607252.0,56.0
149.7525381,2.21403636,1.0038,-23.59,30.55,27,69.0,603983.0,114.0
149.93479445,1.92427982,1.005,-22.56,29.66,17,45.0,415906.0,954.0
149.94595633,1.68047099,1.0065,-22.78,30.09,23,50.0,261996.0,371.0
149.78002124,2.30235775,1.0068,-23.59,30.05,36,90.0,663215.0,74.0
149.96434203,2.52406497,1.0134,-23.2,30.3,14,45.0,808541.0,949.0
150.16065006,2.69235541,1.0162,-23.37,29.97,31,84.0,918707.0,115.0
150.30620175,2.20070297,1.0168,-22.94,29.8,19,41.0,593626.0,1063.0
150.04233836,1.72014969,1.0216,-21.88,29.47,21,43.0,286778.0,777.0
150.35106106,2.5226684,1.0295,-23.07,29.84,13,41.0,807318.0,1299.0
150.70110432,2.76540609,1.0308,-23.03,29.95,17,51.0,964020.0,775.0
150.7288409,2.1735931,1.05,-23.07,29.84,20,53.0,575706.0,707.0
150.64460482,2.67797101,1.05,-23.41,29.98,26,42.0,910452.0,9.0
150.11952799,2.72503131,1.0502,-22.63,29.8,27,63.0,939057.0,201.0
149.4894994,2.25570798,1.0545,-21.84,29.5,23,75.0,630292.0,172.0
149.71280132,2.75912314,1.06,-22.72,29.71,14,46.0,959824.0,1205.0
150.61508946,2.00794214,1.0649,-22.22,30.08,8,42.0,467468.0,1323.0
150.71477484,2.29328044,1.0705,-23.82,30.23,20,72.0,656862.0,186.0
149.45424915,2.3011311,1.0729,-23.17,29.89,21,53.0,662651.0,205.0
150.74671116,2.3251279,1.0804,-23.58,30.05,25,76.0,676723.0,130.0
150.66383728,2.36778447,1.082,-23.67,30.19,24,68.0,706876.0,394.0
150.11027824,2.19397665,1.0821,-22.9,30.28,18,62.0,589323.0,309.0
149.97721408,1.66755544,1.0874,-22.78,29.74,16,40.0,253659.0,1122.0
149.72177058,1.88384311,1.0878,-22.67,29.68,15,47.0,391057.0,1081.0
149.62721441,2.19740281,1.088,-22.36,30.07,21,58.0,590826.0,354.0
150.73527073,2.25607254,1.0882,-23.52,30.02,25,65.0,632027.0,433.0
150.61620642,2.21109852,1.0894,-22.7,30.11,10,46.0,600082.0,1324.0
150.01949593,1.71108185,1.0898,-22.48,29.94,10,48.0,280719.0,881.0
149.84246066,2.12920901,1.09,-22.19,29.49,16,51.0,545179.0,1001.0
150.42856442,2.75443605,1.0908,-22.51,29.71,21,62.0,956375.0,426.0
149.84302569,1.98744892,1.0912,-23.62,30.05,14,40.0,455892.0,886.0
150.63296494,2.09156773,1.0917,-22.23,30.01,14,44.0,520718.0,1106.0
149.83308684,2.05134621,1.0926,-23.1,30.27,15,50.0,495860.0,760.0
149.51097643,2.55574936,1.0947,-22.61,30.18,15,53.0,828821.0,924.0
149.72522268,1.95767642,1.0955,-22.48,30.02,16,53.0,436603.0,1121.0
149.57488328,2.76932857,1.0959,-23.32,29.94,17,42.0,965978.0,1077.0
150.47986283,1.8955518,1.1013,-23.3,29.9,13,41.0,396134.0,753.0
150.11209755,2.43399627,1.1014,-22.58,29.84,20,45.0,749530.0,1134.0
150.43061676,2.52661759,1.1034,-22.76,29.72,24,66.0,809905.0,288.0
149.62151592,2.6898914,1.1037,-21.37,29.45,16,46.0,915709.0,761.0
150.58739634,2.77705603,1.1052,-22.62,29.66,18,44.0,970833.0,867.0
149.53743371,2.67240826,1.1054,-22.27,29.96,12,40.0,904072.0,1342.0
149.61098415,1.85965597,1.1062,-22.99,29.8,21,52.0,375390.0,333.0
150.39168179,2.19446697,1.1079,-23.26,30.23,22,49.0,589101.0,718.0
150.16507718,2.34499538,1.1107,-22.51,29.62,8,43.0,689939.0,1347.0
150.74821373,2.41853622,1.1112,-22.23,29.51,13,43.0,738386.0,858.0
150.0214261,1.78035136,1.1113,-23.4,30.28,19,60.0,325086.0,1008.0
150.11504325,2.38096869,1.1135,-22.97,30.11,13,40.0,714439.0,1280.0
150.21072168,2.11728879,1.1142,-22.99,30.35,16,40.0,537810.0,830.0
150.32835503,2.4254484,1.1142,-22.25,29.79,14,42.0,743446.0,1222.0
149.91674508,2.65600717,1.115,-22.94,30.13,29,73.0,894005.0,86.0
150.5321498,2.34894196,1.1173,-22.86,30.08,28,77.0,693450.0,4.0
149.62010154,2.33021402,1.1184,-21.44,29.39,26,61.0,679067.0,478.0
149.46240531,2.47325022,1.1222,-22.64,29.96,19,56.0,774649.0,837.0
150.2121671,1.90451492,1.1241,-22.99,29.92,24,60.0,403657.0,543.0
149.98584723,2.66655856,1.1263,-22.97,30.06,25,71.0,902379.0,243.0
150.2768228,2.27564387,1.1279,-22.68,29.7,24,71.0,643589.0,282.0
150.50792634,2.13683977,1.1301,-22.44,29.92,18,43.0,550675.0,510.0
149.49274697,2.73975385,1.1317,-23.25,30.43,29,65.0,948334.0,193.0
150.33277832,2.75013133,1.1336,-23.13,30.16,22,60.0,954095.0,216.0
150.14758446,2.13101214,1.1376,-23.45,29.99,25,65.0,548814.0,199.0
149.61812566,1.95207384,1.1386,-22.2,30.32,28,69.0,432726.0,364.0
150.1484163,2.71899203,1.1394,-22.23,29.82,15,40.0,935149.0,1159.0
149.92545858,2.40789789,1.1404,-22.43,29.98,14,47.0,731821.0,750.0
150.17293983,1.8057376,1.1426,-23.63,30.07,15,51.0,341502.0,938.0
150.56589042,2.49644973,1.1427,-23.89,30.17,33,88.0,790959.0,124.0
150.11589908,1.67676138,1.1431,-23.1,30.47,25,60.0,259709.0,14.0
150.4717675,2.15791156,1.1432,-24.3,30.32,29,61.0,564354.0,427.0
150.62896381,2.09047986,1.144,-23.47,30.0,19,47.0,521471.0,929.0
149.98924292,2.24260155,1.1456,-22.29,29.55,10,49.0,621062.0,1115.0
149.56537111,2.44230208,1.1458,-22.86,30.26,28,73.0,753898.0,314.0
150.51761504,2.56556127,1.1465,-24.36,30.77,27,83.0,836995.0,163.0
150.69660138,2.13024623,1.147,-23.18,30.39,21,43.0,546451.0,922.0
150.03908059,2.48835987,1.1481,-23.34,29.95,20,52.0,784739.0,365.0
149.83679258,2.68923847,1.1483,-23.83,30.15,21,57.0,916700.0,464.0
149.56593735,1.69241129,1.1502,-23.46,30.0,16,41.0,270223.0,46.0
150.49198344,2.46719743,1.1524,-22.22,29.49,19,53.0,769959.0,742.0
150.24659669,2.7208724,1.153,-23.69,30.07,24,60.0,935590.0,310.0
149.50276134,1.79240582,1.155,-22.07,29.84,8,43.0,331572.0,1287.0
149.67270378,2.38976274,1.1556,-23.5,30.02,16,44.0,721712.0,1061.0
149.62379859,1.66678181,1.1563,-23.25,29.92,15,40.0,254703.0,1062.0
150.36460442,2.58540905,1.1572,-22.52,29.62,15,42.0,847670.0,1064.0
149.68569228,1.9198628,1.1583,-23.21,30.33,18,69.0,413524.0,412.0
149.94078078,1.98434777,1.1584,-22.7,29.7,17,57.0,452656.0,734.0
149.49157671,2.44617668,1.1585,-22.64,30.0,19,61.0,756783.0,759.0
150.52622278,2.1105392,1.1599,-22.18,29.99,17,60.0,532406.0,301.0
150.35733968,2.0881503,1.1599,-23.89,30.17,27,67.0,519857.0,148.0
150.25043421,2.04966659,1.1602,-23.37,29.96,31,73.0,494056.0,191.0
149.75018392,2.67934767,1.1622,-24.01,30.63,22,52.0,911221.0,557.0
149.4591251,1.68478433,1.1631,-22.15,29.76,13,41.0,264818.0,1208.0
149.46006536,2.37057407,1.1634,-23.29,30.06,21,48.0,708450.0,731.0
149.77845626,2.21531346,1.1654,-23.83,30.15,14,56.0,604873.0,355.0
150.37291764,2.20343068,1.1682,-23.3,29.92,23,55.0,595994.0,551.0
150.54525751,2.23634353,1.169,-23.69,30.1,33,63.0,618830.0,113.0
149.86674158,2.6083838,1.1711,-22.81,29.74,23,50.0,863248.0,420.0
149.62701735,2.62127664,1.1715,-22.75,29.71,20,52.0,870775.0,1028.0
150.36279662,1.67912901,1.172,-21.66,29.99,9,40.0,260151.0,1359.0
150.2050231,1.74473342,1.1726,-22.4,29.58,23,63.0,301804.0,479.0
150.48129151,2.38459177,1.175,-23.06,29.85,23,64.0,717193.0,237.0
150.40395701,2.64282249,1.1757,-23.24,29.89,20,63.0,887355.0,782.0
149.56522989,2.55880251,1.1809,-22.42,29.58,19,59.0,830327.0,614.0
149.62169258,2.12263913,1.1816,-22.99,29.79,30,78.0,540746.0,85.0
149.82073595,2.49632018,1.1849,-21.89,29.68,13,43.0,788622.0,1175.0
150.19426403,1.78633665,1.1876,-23.21,29.89,22,58.0,328345.0,473.0
150.30748147,1.89190957,1.188,-22.92,29.78,17,67.0,395320.0,654.0
150.45128444,1.91018654,1.1895,-23.87,30.15,24,60.0,407699.0,359.0
150.12317301,1.99741022,1.1903,-24.51,30.42,40,72.0,462521.0,110.0
150.09624905,2.62271693,1.1909,-23.68,30.09,22,47.0,872325.0,693.0
149.93489238,2.29730151,1.1921,-22.86,29.76,29,71.0,657599.0,366.0
149.79428925,2.31298695,1.1921,-22.33,30.11,29,83.0,668494.0,162.0
150.16642063,1.87969593,1.1937,-22.22,30.21,15,41.0,387428.0,925.0
150.72554159,2.76981709,1.1943,-23.11,29.86,27,48.0,966115.0,227.0
150.07777001,2.03705546,1.1953,-23.69,30.08,30,69.0,486637.0,166.0
150.07759691,1.87511268,1.1957,-22.82,30.34,24,62.0,385110.0,795.0
150.35713523,1.97334695,1.1957,-23.65,30.07,39,127.0,447792.0,58.0
149.53819267,2.27602213,1.1958,-21.93,29.9,24,73.0,643933.0,615.0
149.89265042,2.26904484,1.1962,-23.34,29.96,28,95.0,639828.0,120.0
149.96299509,2.01351006,1.1964,-22.76,29.72,25,47.0,470821.0,481.0
150.34689638,2.48503603,1.1966,-23.38,29.95,20,73.0,782908.0,332.0
149.53099097,2.09459605,1.1968,-23.67,30.07,30,80.0,523478.0,171.0
149.49270935,2.75305106,1.1978,-23.27,29.91,17,41.0,956960.0,914.0
150.4539529,2.74793831,1.1996,-23.17,30.59,24,62.0,953081.0,467.0
150.31459489,2.28891826,1.2,-23.03,29.93,29,60.0,652572.0,1.0
150.47194295,2.7741344,1.206,-23.52,30.02,18,55.0,969091.0,312.0
150.68028612,1.99588824,1.2062,-22.59,30.14,17,55.0,459835.0,634.0
150.17379642,2.45839072,1.2064,-22.58,30.04,11,42.0,764445.0,1327.0
150.55588268,2.58780859,1.2073,-23.42,29.96,17,65.0,850725.0,625.0
150.68341428,2.01895865,1.2076,-22.41,30.07,16,43.0,474682.0,851.0
149.70186864,2.26386626,1.2088,-22.52,30.21,25,68.0,636564.0,470.0
150.15395224,2.27615431,1.2095,-23.42,30.28,14,51.0,644889.0,940.0
150.25424778,2.70917172,1.2096,-23.38,30.38,44,103.0,928992.0,69.0
149.75001255,2.00722503,1.2102,-23.07,30.24,34,88.0,467994.0,0.0
149.69835563,1.94413993,1.2114,-23.55,30.02,21,75.0,429304.0,444.0
149.47752114,2.69422765,1.2115,-23.04,30.13,21,55.0,919389.0,559.0
150.15708603,2.06684089,1.2116,-23.55,30.06,32,72.0,506684.0,190.0
150.28695078,1.80755293,1.2131,-22.53,30.13,16,53.0,341391.0,800.0
149.66106234,1.69547691,1.2138,-23.2,30.18,12,42.0,271588.0,1296.0
150.01932897,2.21634114,1.2142,-22.77,30.14,17,51.0,603547.0,838.0
150.26712049,2.46198845,1.2144,-23.34,29.95,25,48.0,767347.0,304.0
150.37489839,2.25635843,1.2145,-23.19,29.89,19,57.0,631037.0,744.0
150.40754344,1.80672983,1.2162,-23.08,29.85,27,72.0,342039.0,241.0
149.77183361,2.16731258,1.2165,-23.12,30.24,18,50.0,572669.0,1011.0
149.47715982,2.58865573,1.2165,-23.07,30.14,21,46.0,851262.0,1244.0
150.06544411,1.74596078,1.2168,-23.57,30.52,26,45.0,304234.0,257.0
150.24397342,1.94222161,1.2169,-22.58,29.85,21,54.0,427340.0,469.0
149.86927632,2.06560208,1.2181,-23.63,30.07,30,86.0,505112.0,95.0
150.08517213,2.35733623,1.2235,-23.34,29.95,20,52.0,699347.0,943.0
149.99701394,2.14962698,1.2241,-23.88,30.46,20,58.0,559750.0,783.0
149.87682485,2.47243512,1.225,-22.64,29.67,18,51.0,774705.0,1017.0
150.06416831,2.23124048,1.2255,-21.79,30.18,15,54.0,613882.0,1094.0
150.42937092,2.56183998,1.2268,-22.76,30.13,21,63.0,833096.0,275.0
149.81048958,1.91873511,1.2274,-22.64,29.85,23,52.0,412820.0,686.0
150.6770376,2.22507324,1.2303,-23.24,30.32,12,40.0,610576.0,1235.0
149.76983763,2.56618268,1.2305,-21.99,29.61,16,40.0,837869.0,1278.0
150.00273521,2.67487618,1.2309,-23.85,30.42,38,91.0,907103.0,100.0
149.52931825,1.91317834,1.2325,-22.85,30.16,28,77.0,408898.0,116.0
150.22369304,2.36557037,1.2355,-22.05,30.15,27,78.0,703919.0,293.0
149.69718317,2.20576169,1.2358,-23.22,29.9,25,73.0,598305.0,367.0
149.65979334,2.07504178,1.242,-23.43,29.99,34,112.0,511570.0,66.0
149.51060111,2.39782773,1.243,-22.9,30.23,13,47.0,725820.0,1241.0
150.46082709,1.74916825,1.2447,-23.33,29.95,18,60.0,305086.0,674.0
150.33675608,1.71654355,1.245,-23.58,30.34,18,40.0,284458.0,1099.0
150.72611306,2.25427153,1.2473,-22.19,29.93,15,42.0,629632.0,1020.0
150.19554629,2.12398966,1.2523,-24.01,30.93,12,54.0,541686.0,602.0
149.92138971,2.40811174,1.2532,-22.62,30.2,13,44.0,731383.0,1112.0
150.53884672,2.07924726,1.2599,-22.95,30.03,17,59.0,514090.0,507.0
150.53376599,2.57004901,1.2599,-23.01,29.85,17,66.0,839840.0,558.0
150.42649161,2.71924257,1.261,-23.69,30.63,25,78.0,935680.0,195.0
150.03535188,1.6682949,1.2619,-21.89,30.15,19,43.0,254080.0,716.0
149.6337073,2.63969705,1.2639,-23.25,29.9,17,54.0,883702.0,298.0
149.67502167,2.41430567,1.264,-22.44,30.32,18,46.0,735737.0,791.0
150.1267153,2.53232425,1.2642,-23.7,30.5,25,64.0,814525.0,579.0
150.4128003,2.16593312,1.265,-22.99,30.34,20,57.0,570259.0,616.0
149.69246955,1.72368966,1.2656,-22.79,29.71,20,50.0,289468.0,425.0
149.93896476,2.6412693,1.2662,-23.23,29.9,35,81.0,885034.0,102.0
150.27812636,2.54862138,1.2673,-23.28,29.91,23,76.0,823616.0,170.0
150.57046816,1.97101919,1.2711,-22.52,29.62,28,88.0,444504.0,101.0
150.52020136,2.41831381,1.2717,-22.69,29.73,11,44.0,738745.0,1340.0
150.63047474,2.55632864,1.2719,-22.87,30.08,18,61.0,829141.0,610.0
150.50886123,1.97593611,1.2723,-23.56,30.05,31,84.0,448526.0,151.0
149.69621974,1.98797562,1.2726,-23.3,30.33,23,86.0,456366.0,207.0
149.68121285,1.87689267,1.2737,-22.78,30.25,19,57.0,385827.0,939.0
150.68925237,2.33943498,1.2759,-22.02,29.66,16,40.0,685878.0,1281.0
149.84326577,1.96620425,1.2778,-23.46,30.01,14,42.0,442412.0,1095.0
149.91787932,2.24458938,1.281,-22.86,30.1,23,53.0,622696.0,20.0
150.48653341,2.76037983,1.284,-22.43,30.14,25,62.0,960473.0,330.0
150.04180815,2.75744257,1.2848,-22.46,30.01,23,59.0,958477.0,542.0
150.21116932,2.56536892,1.2871,-23.3,29.92,28,75.0,835130.0,84.0
149.50514517,1.79669466,1.2909,-22.07,29.59,18,41.0,334476.0,873.0
149.80624386,1.67325709,1.2939,-22.33,30.11,18,40.0,257176.0,1027.0
150.47317775,2.06155232,1.2975,-23.4,30.41,29,82.0,501879.0,189.0
150.69217153,2.63376965,1.2985,-22.45,29.91,14,42.0,879892.0,1206.0
149.83540976,1.81064671,1.2988,-22.45,30.28,23,41.0,343429.0,711.0
149.80099748,2.35837617,1.305,-22.79,30.01,14,40.0,699447.0,1325.0
150.70995526,1.98699842,1.3068,-23.25,29.9,23,52.0,454375.0,21.0
149.82510719,1.76238054,1.3084,-23.18,29.99,16,61.0,312915.0,372.0
150.65190519,2.36508094,1.3087,-21.12,29.33,14,41.0,703275.0,1318.0
150.58948171,2.75861217,1.3094,-22.24,29.96,25,67.0,958577.0,313.0
149.87350451,2.66850897,1.3106,-23.03,30.37,27,65.0,901921.0,373.0
150.09010031,2.71498435,1.3121,-23.62,30.46,35,78.0,933177.0,65.0
149.5996527,1.87175178,1.3123,-22.71,30.1,14,42.0,382178.0,1279.0
149.49726395,2.55603045,1.3157,-23.44,30.84,18,46.0,829380.0,1267.0
149.58208051,2.75750343,1.316,-23.22,29.94,18,40.0,958252.0,779.0
149.47850723,2.74533627,1.3206,-22.12,29.88,14,48.0,950373.0,996.0
149.71461215,1.89627092,1.3265,-23.12,30.43,17,56.0,398306.0,754.0
149.51897831,2.62556374,1.3316,-23.53,30.01,13,41.0,875664.0,1117.0
150.54967505,2.72476394,1.3327,-22.66,29.68,21,60.0,939178.0,422.0
149.68119523,2.66165642,1.3331,-22.97,30.18,16,51.0,897572.0,646.0
150.28758743,2.00463527,1.3346,-23.43,30.65,18,46.0,465513.0,1000.0
150.44582257,2.52933223,1.3366,-22.66,29.74,15,59.0,810869.0,379.0
149.48776593,2.66693489,1.3402,-22.06,29.95,18,42.0,900586.0,1009.0
150.13038838,1.77438282,1.3422,-22.66,29.7,22,58.0,319973.0,606.0
149.63345612,2.00388116,1.3446,-23.22,30.44,21,58.0,465249.0,28.0
149.77302833,2.7086912,1.3454,-22.99,30.35,21,72.0,929125.0,430.0
149.94335513,1.820866,1.3459,-22.5,29.81,17,46.0,349841.0,708.0
149.57143637,2.01181256,1.3462,-22.56,30.13,13,43.0,469499.0,1048.0
150.40493898,1.729687,1.3488,-23.95,30.19,21,46.0,292370.0,572.0
150.32631702,1.75211132,1.3496,-23.2,30.18,19,53.0,306308.0,894.0
150.1909865,1.85469805,1.3496,-23.18,30.11,28,68.0,371989.0,381.0
149.97622184,2.53974613,1.3506,-23.38,29.97,12,56.0,818410.0,321.0
150.42556427,2.08994152,1.3521,-22.68,30.07,12,51.0,519642.0,905.0
150.28628042,1.72493373,1.3528,-22.6,30.03,21,46.0,289508.0,593.0
150.15477636,2.02962311,1.353,-23.92,30.51,22,60.0,478401.0,485.0
150.25510723,2.29012035,1.3566,-22.91,30.15,19,52.0,652292.0,336.0
150.11161039,1.73785591,1.3588,-23.17,30.38,23,57.0,298865.0,565.0
150.32526507,2.5732069,1.3592,-23.08,30.23,25,75.0,840964.0,160.0
150.10805457,1.89330211,1.3598,-22.52,29.68,13,43.0,395906.0,1108.0
149.7008456,1.72062103,1.36,-22.27,29.51,25,61.0,286816.0,511.0
149.87961661,2.40652271,1.3607,-22.95,29.79,16,45.0,730897.0,1039.0
150.12561467,2.62133248,1.3617,-23.62,30.61,28,64.0,872523.0,267.0
149.57973358,1.8707053,1.363,-22.66,29.71,22,51.0,382082.0,766.0
150.38398013,2.0941615,1.3654,-22.68,30.3,14,42.0,521859.0,1196.0
149.89876315,1.74517643,1.3655,-23.54,30.44,17,45.0,302169.0,1133.0
149.9891027,2.68873038,1.3668,-22.94,30.43,33,73.0,914898.0,119.0
150.19577359,1.81584538,1.367,-23.77,30.53,17,63.0,347408.0,322.0
150.54233969,2.50778111,1.3671,-23.95,30.76,19,52.0,796735.0,639.0
149.83770965,2.34583294,1.3693,-22.47,29.8,10,46.0,690789.0,1202.0
149.51119746,2.14272115,1.3712,-22.84,29.92,15,55.0,554002.0,705.0
150.60711938,2.21019298,1.3723,-23.17,29.9,17,54.0,599047.0,765.0
149.57900858,2.66566143,1.3757,-23.68,30.11,14,43.0,901269.0,776.0
149.6960453,2.44602526,1.3772,-21.93,29.84,16,45.0,756031.0,1107.0
149.99824524,2.25839309,1.3797,-23.14,30.25,15,63.0,633692.0,769.0
150.50960509,2.67582208,1.382,-22.87,30.33,23,56.0,906511.0,384.0
149.4442589,2.10943849,1.3828,-22.14,29.88,12,52.0,531491.0,563.0
150.40395558,1.80440295,1.3832,-23.1,30.16,19,49.0,340292.0,897.0
149.72419033,2.07641338,1.3839,-22.52,30.15,14,44.0,511442.0,1273.0
149.63441938,1.81023609,1.3845,-23.29,30.35,22,69.0,343682.0,291.0
149.59014709,1.738725,1.3863,-22.88,29.81,15,41.0,297970.0,1040.0
150.3241516,2.13490606,1.3868,-23.43,30.04,16,43.0,548808.0,1188.0
149.57992091,2.051091,1.3872,-22.08,29.99,18,50.0,493864.0,41.0
150.10254114,2.52779436,1.3879,-22.89,30.11,24,64.0,809828.0,272.0
149.72670468,1.83641285,1.3882,-22.91,30.36,24,72.0,360707.0,415.0
149.81542106,2.67111408,1.389,-22.81,30.18,21,62.0,903189.0,626.0
149.99876812,2.18922505,1.3908,-22.66,29.71,19,58.0,584842.0,488.0
149.76927552,2.15206129,1.3937,-22.65,30.04,13,41.0,561130.0,1172.0
150.53697035,2.34397107,1.3941,-23.45,29.95,23,59.0,689616.0,244.0
150.07665964,2.55463317,1.3941,-22.89,30.13,17,53.0,827910.0,662.0
149.84280739,1.80074819,1.3961,-22.65,29.97,25,79.0,338217.0,109.0
150.06459658,2.26403332,1.3968,-22.5,29.97,14,45.0,636373.0,1152.0
149.51529783,2.17551576,1.3975,-22.95,29.79,18,66.0,576054.0,495.0
150.08878064,1.88325432,1.3976,-22.65,30.12,15,51.0,389679.0,1031.0
150.21025938,2.56551221,1.4008,-23.85,30.83,32,86.0,835513.0,106.0
149.98632076,1.86771619,1.4021,-22.47,29.95,14,42.0,379340.0,1166.0
150.46199951,1.67464233,1.4024,-23.46,29.98,15,50.0,258057.0,891.0
150.26154993,1.87248826,1.4032,-22.34,29.57,16,52.0,382418.0,984.0
149.74406714,2.72496338,1.4036,-22.51,29.71,25,76.0,938855.0,493.0
150.01132673,2.06545399,1.4036,-23.26,29.93,17,53.0,503561.0,968.0
149.64581405,2.38851873,1.4049,-22.66,30.63,17,46.0,718559.0,1148.0
150.68098939,2.67878062,1.4052,-23.19,29.93,13,50.0,908663.0,1143.0
150.19242819,1.72534862,1.4055,-23.5,29.97,22,64.0,290733.0,324.0
150.01995388,2.65928658,1.4058,-23.42,29.95,26,71.0,895892.0,218.0
150.33931942,2.74473282,1.406,-24.16,30.8,19,53.0,950628.0,888.0
149.92367551,2.02655459,1.4068,-21.71,29.64,14,40.0,478250.0,1303.0
150.39448797,2.44596514,1.4107,-23.64,30.06,14,62.0,757169.0,574.0
149.45893686,2.31981451,1.4126,-23.41,29.99,26,54.0,672955.0,13.0
149.9082123,2.45786664,1.4131,-22.52,29.66,10,42.0,763682.0,1329.0
150.64851272,2.15399818,1.4137,-24.09,30.26,30,62.0,562612.0,194.0
150.29760005,2.39427326,1.4172,-23.09,29.9,24,42.0,722851.0,16.0
150.07307764,1.6511563,1.4183,-22.91,30.45,13,44.0,243365.0,698.0
150.32646788,1.66634007,1.4194,-23.81,30.11,11,40.0,253353.0,1038.0
149.97129126,2.35919486,1.4195,-23.18,30.19,37,106.0,699781.0,78.0
150.06207647,2.19935897,1.42,-21.78,29.6,11,40.0,591888.0,1265.0
149.97422319,2.49679719,1.4218,-23.26,30.31,36,77.0,789424.0,94.0
149.93654988,2.42926201,1.423,-22.38,30.23,17,43.0,744991.0,1167.0
149.88255331,2.61473504,1.4237,-22.87,30.16,27,73.0,866693.0,140.0
149.85579746,2.13018286,1.4239,-23.46,30.31,43,103.0,546379.0,73.0
149.57519481,2.41200465,1.4251,-22.51,29.86,22,45.0,733809.0,713.0
150.09663702,2.58262462,1.4252,-22.46,30.21,21,74.0,846520.0,296.0
149.50252213,2.21049995,1.4253,-24.68,30.74,17,63.0,600882.0,642.0
149.46060189,2.64577743,1.4295,-23.3,30.62,20,45.0,887790.0,596.0
150.43510683,2.72489157,1.43,-23.58,30.03,27,66.0,938538.0,341.0
150.25886898,1.74853204,1.4317,-22.64,29.93,13,49.0,303765.0,835.0
150.1262277,2.10306319,1.432,-23.16,29.84,12,43.0,528669.0,972.0
150.12563687,1.65510734,1.4321,-23.02,30.19,18,60.0,247100.0,463.0
149.74785266,1.71300192,1.4323,-22.21,29.8,20,58.0,282164.0,577.0
149.92353787,2.64350359,1.4344,-22.94,30.19,27,74.0,885630.0,292.0
149.87567178,1.67773816,1.4366,-23.0,29.79,25,45.0,259385.0,255.0
150.19837874,2.39095421,1.4369,-22.05,29.71,17,51.0,720343.0,975.0
150.70417758,2.74649949,1.4377,-23.35,30.63,21,59.0,951104.0,605.0
150.34101376,2.30098584,1.438,-23.04,30.63,18,72.0,659927.0,396.0
150.49598653,2.64167914,1.4401,-22.54,29.63,20,61.0,882571.0,326.0
150.0480836,2.10244428,1.4411,-22.47,29.39,13,46.0,528392.0,911.0
150.48212731,2.57053021,1.442,-22.18,29.48,15,65.0,838849.0,653.0
150.47210194,1.97387908,1.4426,-22.43,29.9,31,70.0,446330.0,164.0
150.45203823,1.75934925,1.444,-23.86,30.1,20,73.0,312081.0,594.0
149.73564842,1.97624728,1.4442,-22.58,29.63,15,58.0,447528.0,502.0
150.68408782,2.30191853,1.4446,-22.46,30.01,11,43.0,660938.0,1186.0
150.55782052,2.22126304,1.4464,-23.7,30.05,24,70.0,607414.0,231.0
150.23466296,2.32720477,1.4466,-22.86,30.35,16,55.0,677360.0,804.0
150.34981058,1.87459934,1.4478,-23.18,30.52,29,69.0,384461.0,315.0
149.55396286,1.98905579,1.448,-22.2,29.79,17,49.0,455169.0,1033.0
149.77342873,2.46630841,1.4483,-23.29,30.21,31,77.0,771271.0,152.0
149.50602837,2.67151924,1.4484,-22.63,29.71,23,60.0,903166.0,482.0
149.59509508,2.60123676,1.4486,-23.57,30.65,26,59.0,858873.0,259.0
149.56353227,1.72487049,1.449,-21.67,29.37,15,51.0,289043.0,871.0
150.27328861,2.67944165,1.4492,-24.28,30.93,12,54.0,910187.0,1102.0
149.81551103,1.92965192,1.4504,-23.32,29.95,25,95.0,418667.0,83.0
150.3534101,1.65423316,1.4513,-23.17,30.12,18,42.0,245483.0,819.0
149.94102515,1.76001993,1.4526,-23.46,30.05,22,90.0,311439.0,249.0
149.84347822,2.08251311,1.4536,-23.2,29.9,30,96.0,515248.0,105.0
149.94644397,2.10764389,1.4544,-22.74,30.12,15,54.0,530886.0,1015.0
150.54774925,2.60792802,1.4561,-23.06,29.86,23,63.0,862415.0,477.0
149.94671718,1.92213453,1.4561,-22.53,30.0,18,68.0,414253.0,360.0
150.20443214,1.81230873,1.457,-22.33,30.22,22,75.0,344335.0,307.0
150.12276254,1.99674522,1.457,-22.77,29.95,26,72.0,460341.0,8.0
150.37409718,1.77172672,1.4579,-22.63,29.85,16,60.0,318232.0,811.0
149.71952502,2.77561675,1.4601,-23.13,30.37,11,54.0,969422.0,380.0
149.49991744,1.65408111,1.4601,-23.78,30.66,17,57.0,246401.0,714.0
150.13508455,1.69104296,1.4614,-23.99,30.16,16,56.0,268932.0,727.0
150.02564128,1.92742972,1.4629,-22.78,30.12,20,53.0,417324.0,550.0
150.6829658,2.02926335,1.4636,-22.6,30.12,11,40.0,480173.0,1290.0
149.62986073,2.30887784,1.4637,-23.34,30.14,16,45.0,666360.0,884.0
149.50461314,1.80091188,1.4647,-23.35,30.34,27,70.0,338532.0,285.0
149.73896335,1.81073803,1.4651,-22.51,29.6,25,73.0,343099.0,197.0
150.71872538,2.43883263,1.4656,-23.29,30.31,19,55.0,752053.0,789.0
150.31089183,2.1583471,1.4659,-23.41,30.46,16,53.0,564536.0,726.0
149.46625326,2.72315359,1.4714,-23.3,30.44,19,51.0,937393.0,982.0
150.15631315,1.95046077,1.4747,-22.79,30.18,28,79.0,431761.0,220.0
150.43224038,2.48430961,1.4761,-22.65,30.35,22,70.0,782166.0,454.0
150.53482936,2.17340454,1.4763,-23.03,30.12,28,85.0,576037.0,136.0
149.91485966,1.94456422,1.4779,-23.47,30.43,22,57.0,429240.0,487.0
150.4992863,2.22916661,1.4786,-23.59,30.66,13,47.0,613192.0,1195.0
149.7995201,2.15121796,1.4794,-23.27,30.13,26,76.0,559759.0,287.0
150.13583196,2.30182414,1.4833,-22.93,30.17,19,54.0,660437.0,723.0
149.87272544,2.28463016,1.4836,-23.26,30.61,27,77.0,649541.0,226.0
149.60893314,2.71750505,1.4847,-22.78,30.08,10,50.0,933290.0,1311.0
150.42292793,2.19795844,1.4855,-22.8,29.79,24,76.0,591210.0,161.0
150.70998862,2.2071169,1.4873,-23.32,30.51,29,67.0,597673.0,138.0
150.58277643,2.06215458,1.4874,-23.27,30.01,16,66.0,502632.0,353.0
150.59068705,1.95088353,1.4881,-23.33,30.49,22,79.0,432307.0,88.0
149.58547039,1.8374393,1.4893,-22.83,30.2,19,65.0,360447.0,515.0
149.46943733,2.20412922,1.4898,-23.03,30.34,19,56.0,595574.0,600.0
149.52303944,2.56184268,1.4898,-23.2,30.44,23,67.0,833360.0,362.0
150.33592184,2.15989213,1.49,-22.67,30.35,22,65.0,565143.0,591.0
149.69140534,2.27749723,1.4901,-22.38,30.52,17,58.0,644796.0,981.0
150.13027339,2.34490456,1.4908,-22.76,29.78,14,43.0,689544.0,1130.0
150.31116838,1.99588627,1.4914,-23.22,30.59,21,53.0,459384.0,588.0
149.75509203,2.04358326,1.492,-23.08,29.86,27,69.0,490269.0,393.0
149.88969125,2.3587833,1.4924,-23.23,30.33,30,98.0,700599.0,98.0
149.79036657,2.35848258,1.4933,-22.37,30.28,18,63.0,698652.0,787.0
150.24988966,1.99852983,1.4935,-22.43,30.31,20,58.0,460851.0,587.0
149.95930761,2.57639087,1.494,-22.82,30.17,25,64.0,842272.0,246.0
150.47341847,2.37977982,1.4952,-23.35,30.3,19,45.0,714954.0,671.0
149.47560279,2.09055469,1.4962,-23.15,29.88,17,61.0,519756.0,696.0
150.28965032,2.75522285,1.4983,-22.99,30.3,12,51.0,956947.0,1252.0
149.72340341,2.46812793,1.4991,-22.74,29.73,16,61.0,770366.0,570.0
150.66354375,2.38543443,1.5049,-22.79,30.45,18,54.0,717049.0,951.0
150.11811399,1.81569072,1.505,-22.74,29.72,23,62.0,346418.0,176.0
149.90734203,2.55241273,1.5073,-22.99,30.38,18,49.0,827300.0,545.0
150.44270133,2.05269327,1.5096,-22.28,29.64,19,64.0,497499.0,618.0
150.38976609,1.91837681,1.5098,-23.82,30.54,28,69.0,412286.0,182.0
149.50995833,1.91116146,1.5131,-23.18,30.51,22,80.0,406882.0,203.0
150.18398019,1.7083049,1.5132,-22.82,29.95,23,65.0,280397.0,547.0
149.7727491,2.20542345,1.5133,-22.52,29.91,20,53.0,596030.0,573.0
150.72601742,2.09635825,1.5146,-22.53,30.24,21,57.0,523308.0,480.0
149.61914588,2.0244402,1.5148,-24.11,30.92,10,42.0,478099.0,1113.0
149.45158209,2.4871549,1.5157,-23.69,30.39,14,59.0,783376.0,320.0
149.49486298,2.17247914,1.516,-22.88,30.43,17,46.0,574504.0,1036.0
150.08985213,2.45812204,1.517,-23.27,29.91,19,47.0,764482.0,1251.0
150.2207038,2.06684727,1.5175,-22.4,29.63,14,56.0,504245.0,980.0
150.45468924,1.81931064,1.5177,-22.45,30.15,12,47.0,349731.0,1258.0
149.7992381,1.83462046,1.5236,-23.62,30.06,27,85.0,360295.0,228.0
149.64629891,1.98275171,1.5244,-23.58,30.55,18,58.0,452842.0,833.0
149.51611008,2.53208906,1.5246,-24.13,30.26,14,64.0,815523.0,416.0
149.67524889,2.25309209,1.5247,-23.41,30.17,16,43.0,629279.0,955.0
150.29807647,2.56030767,1.5269,-22.61,30.06,13,41.0,830890.0,1354.0
149.83827961,2.77507616,1.5278,-23.8,30.83,22,47.0,969259.0,348.0
150.11258694,1.82379239,1.5287,-22.72,30.44,21,68.0,353495.0,303.0
149.65572684,1.90292897,1.5299,-23.64,30.43,24,73.0,402015.0,397.0
149.9911764,2.63417972,1.5306,-22.94,29.84,16,51.0,879953.0,865.0
149.96894714,2.15897595,1.5328,-23.77,30.05,15,43.0,567215.0,1132.0
149.91230767,2.28161353,1.5387,-23.64,30.38,23,74.0,647614.0,236.0
149.74175248,1.90135303,1.5404,-22.65,29.97,26,75.0,401049.0,198.0
150.15317499,1.93328236,1.5408,-23.2,29.93,25,51.0,421868.0,352.0
150.34178387,2.62338966,1.5414,-22.94,29.78,15,40.0,872331.0,1322.0
149.73529949,2.53202698,1.5421,-21.76,29.8,20,78.0,811988.0,338.0
150.4737302,2.41153519,1.5427,-23.0,29.81,15,51.0,733884.0,1165.0
150.38130765,2.4152856,1.5431,-22.72,30.65,25,51.0,735995.0,453.0
150.47926655,1.97577157,1.5432,-23.95,30.19,33,88.0,447757.0,156.0
149.99492309,1.88377139,1.5455,-22.55,29.8,18,44.0,389987.0,1144.0
150.42455627,1.78929313,1.5489,-22.49,30.37,19,66.0,329387.0,668.0
149.78401096,2.71272211,1.5489,-22.26,29.94,19,66.0,931455.0,747.0
150.42371977,2.12685533,1.551,-23.47,30.02,28,66.0,545326.0,290.0
150.57304293,1.9947874,1.5528,-21.89,29.9,16,67.0,458625.0,260.0
149.95684357,1.83822479,1.5537,-22.76,30.03,11,50.0,360823.0,1016.0
150.54472245,2.60729706,1.5539,-23.0,30.26,16,53.0,862481.0,1163.0
149.57964237,1.85207012,1.5561,-22.51,29.84,22,60.0,369313.0,695.0
149.50984965,2.10519374,1.5572,-22.9,29.99,19,50.0,529562.0,518.0
149.78230358,2.65028727,1.5601,-22.74,30.23,24,63.0,890044.0,532.0
150.64329759,2.00733162,1.5602,-23.06,29.89,14,42.0,466826.0,1344.0
149.6386953,1.80183152,1.5604,-23.81,30.13,28,83.0,338551.0,183.0
150.60961126,2.2078917,1.561,-23.2,29.86,21,79.0,597448.0,277.0
150.4574036,1.67565669,1.561,-23.27,29.95,20,48.0,259079.0,856.0
149.54168281,2.43186844,1.5616,-23.72,30.12,10,42.0,747620.0,1249.0
149.49761547,1.70118911,1.5631,-22.34,30.35,15,61.0,274125.0,950.0
150.72025678,1.97622313,1.5633,-22.97,29.8,11,40.0,447333.0,1355.0
149.53794395,2.0813922,1.5635,-23.51,30.68,12,46.0,514643.0,944.0
150.2875187,2.74034694,1.5642,-22.71,30.33,18,44.0,947500.0,882.0
149.65104825,1.71026882,1.5642,-22.76,30.39,17,44.0,279824.0,829.0
149.82744281,1.67678488,1.5659,-22.25,30.35,15,49.0,258819.0,1091.0
149.9379932,2.41712381,1.5665,-22.62,29.94,19,62.0,737126.0,358.0
150.33476082,2.19957927,1.5692,-22.81,30.4,21,60.0,592295.0,841.0
150.49281869,2.46367477,1.5704,-23.11,29.86,11,43.0,767978.0,1145.0
149.9416692,1.67604389,1.5704,-23.19,30.13,15,46.0,258608.0,935.0
150.40729921,2.47701343,1.5718,-23.39,29.96,12,40.0,776589.0,1237.0
149.78828861,2.09459468,1.5719,-22.39,29.89,20,67.0,522965.0,376.0
150.61927719,2.1664147,1.5727,-23.88,30.17,25,73.0,570374.0,331.0
150.15993535,2.60934814,1.5737,-22.91,29.8,13,63.0,864105.0,640.0
150.12870054,2.52862366,1.574,-22.61,29.92,22,59.0,809843.0,522.0
150.17937321,1.71788855,1.5742,-22.0,30.01,16,58.0,284442.0,667.0
150.46925183,1.99435477,1.5767,-22.26,30.04,27,73.0,459461.0,177.0
149.83572268,2.72455914,1.5776,-22.71,30.14,18,47.0,938522.0,1026.0
149.66328635,1.99435544,1.5795,-22.61,29.63,15,50.0,458266.0,931.0
150.25197113,2.09815363,1.5804,-22.69,30.36,19,54.0,524444.0,520.0
150.09474212,2.17497813,1.5811,-23.27,29.94,18,44.0,576135.0,995.0
150.2360842,2.14532453,1.5826,-23.54,30.72,20,68.0,556487.0,523.0
150.30502653,1.66676303,1.5829,-22.97,29.96,22,47.0,252803.0,748.0
149.52225301,1.88807545,1.5837,-23.27,30.53,23,78.0,392915.0,250.0
149.95770649,2.10617691,1.5888,-22.94,30.73,11,49.0,529928.0,1146.0
150.15889913,1.751876,1.5898,-22.85,30.02,21,98.0,305737.0,107.0
150.40156462,2.70674732,1.5902,-24.1,30.59,20,49.0,926913.0,909.0
149.47849273,1.9669134,1.5907,-23.32,29.95,16,53.0,441711.0,536.0
149.85633827,1.92250446,1.5908,-22.96,29.77,18,57.0,415988.0,441.0
149.68462186,2.59676986,1.5932,-23.48,30.07,13,40.0,856026.0,1045.0
149.48503516,1.88254577,1.5943,-23.78,30.69,38,77.0,389873.0,142.0
149.82940661,1.87100729,1.5945,-22.29,29.75,20,62.0,382150.0,702.0
150.25028855,2.71805557,1.5951,-23.79,30.02,11,44.0,934444.0,1030.0
149.7051949,1.93861145,1.5993,-22.84,29.98,16,63.0,424182.0,356.0
149.83693232,2.52890763,1.6023,-23.0,29.84,21,74.0,810315.0,209.0
149.95848459,2.73791237,1.6026,-23.71,30.44,19,47.0,946519.0,868.0
149.46344442,1.8121849,1.6027,-23.69,30.06,28,59.0,344977.0,3.0
149.60950075,1.92600334,1.6034,-23.08,29.84,18,67.0,416793.0,719.0
150.12767742,2.29629607,1.6049,-22.19,29.52,20,59.0,656230.0,234.0
149.88532006,2.44097558,1.6055,-21.94,29.39,14,50.0,752145.0,1022.0
150.3137298,2.31279164,1.6056,-22.16,30.0,20,47.0,666887.0,757.0
149.58024982,1.70782299,1.6061,-23.02,30.22,17,61.0,278349.0,812.0
150.21521614,2.26979279,1.6064,-22.94,29.81,15,60.0,639631.0,448.0
149.65141814,2.08475533,1.6071,-23.28,30.19,9,41.0,516220.0,1236.0
149.46870596,1.72569457,1.6076,-22.51,29.91,14,40.0,289668.0,1218.0
149.57266636,2.40443605,1.6079,-22.22,28.99,14,42.0,728229.0,1293.0
150.08044546,1.8906453,1.6081,-23.26,29.94,13,45.0,394230.0,946.0
149.74618358,2.46462419,1.6087,-23.36,29.95,21,66.0,769417.0,603.0
150.34953042,2.3695795,1.6092,-23.42,30.49,25,66.0,706714.0,192.0
149.53610352,1.92932595,1.6112,-23.33,30.43,29,61.0,418805.0,239.0
150.14943039,1.9915701,1.6112,-21.81,29.71,19,59.0,456278.0,680.0
150.46935747,2.4623743,1.6113,-22.59,29.83,12,42.0,766822.0,1217.0
149.8955192,2.71551546,1.6127,-22.39,29.8,17,47.0,932275.0,876.0
150.28251393,2.02137994,1.6134,-23.11,30.17,20,66.0,475805.0,645.0
150.55630197,2.03031935,1.6139,-22.49,30.25,20,68.0,481628.0,526.0
150.44089315,2.54240518,1.6139,-23.55,30.26,17,54.0,819713.0,948.0
150.61379741,2.61059068,1.6145,-22.61,30.08,13,47.0,863768.0,1209.0
150.11809639,2.21923371,1.6157,-23.22,30.57,15,66.0,605408.0,196.0
149.84389626,1.99333452,1.6173,-22.68,30.46,19,46.0,457980.0,35.0
149.47752856,2.25186675,1.6174,-22.94,29.81,17,57.0,627555.0,254.0
149.48972318,2.66602301,1.6188,-22.57,29.79,24,63.0,899699.0,339.0
150.03421871,2.03795661,1.62,-22.89,30.36,22,53.0,485791.0,527.0
149.97941801,2.24587898,1.6206,-23.37,30.35,14,53.0,623313.0,733.0
149.77554172,2.25160287,1.6209,-23.12,30.38,18,61.0,627827.0,710.0
150.34205461,1.93210531,1.6211,-23.0,30.2,20,58.0,420118.0,854.0
149.81740202,2.3799981,1.6227,-24.23,30.29,20,62.0,715444.0,459.0
149.56241574,1.8301399,1.623,-23.02,30.04,19,56.0,355884.0,749.0
149.98212781,2.102419,1.6232,-23.22,30.19,25,67.0,526965.0,442.0
150.71664538,2.69807791,1.624,-22.58,30.12,12,41.0,920844.0,1358.0
149.47850134,2.34022436,1.6242,-22.55,30.04,14,47.0,686633.0,1049.0
150.19473718,2.37959424,1.6243,-23.59,30.44,20,56.0,715117.0,535.0
150.2387719,1.88547463,1.6245,-22.5,30.0,18,60.0,390952.0,681.0
150.72921168,2.09150549,1.6253,-23.08,29.86,21,40.0,520491.0,1018.0
149.47634352,2.58077771,1.6262,-23.6,30.72,24,71.0,845598.0,334.0
150.19493503,2.52799365,1.6262,-22.67,29.88,20,56.0,810212.0,29.0
149.97059728,2.57654467,1.6275,-23.35,30.34,24,70.0,842239.0,219.0
150.73853984,2.47977745,1.6285,-23.2,30.41,18,43.0,778119.0,1157.0
149.82653872,2.15066139,1.6308,-23.65,30.57,22,88.0,558433.0,122.0
150.67281744,2.34340921,1.6315,-23.19,29.97,22,48.0,689654.0,752.0
150.53398063,2.10045382,1.6324,-22.41,29.97,18,61.0,525643.0,414.0
150.08732861,2.55827037,1.6328,-23.48,30.02,25,79.0,830263.0,368.0
150.38650818,1.92520993,1.6343,-23.08,30.5,18,60.0,415829.0,717.0
150.22447516,2.43301318,1.6351,-22.66,30.17,20,43.0,747590.0,32.0
150.19405619,2.35444573,1.6351,-22.75,30.06,18,59.0,695914.0,790.0
150.02162431,2.70130703,1.6371,-22.93,30.13,19,61.0,923045.0,617.0
149.81407582,2.23497393,1.6373,-22.77,30.12,21,54.0,616067.0,529.0
150.44527842,2.69683252,1.6376,-23.17,30.1,23,57.0,921435.0,263.0
150.39625142,2.16886814,1.6417,-22.74,30.07,15,66.0,571759.0,238.0
149.67117762,2.45593286,1.6418,-23.12,30.21,12,45.0,764381.0,826.0
149.58529537,2.68409207,1.6421,-22.71,30.32,17,54.0,911217.0,413.0
150.29149306,2.37151564,1.6423,-23.47,30.02,22,53.0,707486.0,537.0
150.34372435,2.34929512,1.6425,-23.29,30.18,16,56.0,693095.0,623.0
149.77063889,2.65910456,1.6455,-22.53,30.0,13,47.0,895978.0,1219.0
149.98005052,1.81029064,1.6472,-23.28,30.5,22,55.0,343468.0,23.0
149.98097082,2.66488007,1.6476,-23.17,30.26,16,59.0,899115.0,1035.0
150.00260216,1.67782384,1.6487,-23.66,30.09,16,42.0,259806.0,1242.0
150.31552422,2.63321072,1.6488,-22.55,29.98,14,41.0,879418.0,1050.0
149.83066166,1.71082735,1.6489,-22.24,29.5,13,54.0,281864.0,801.0
150.08024525,2.4840777,1.6491,-22.82,29.7,19,43.0,781639.0,1168.0
150.4357625,1.75570231,1.6503,-23.71,30.12,23,63.0,309297.0,704.0
150.15950155,2.4837618,1.6516,-22.31,30.05,18,52.0,780253.0,1046.0
149.73665324,2.08152754,1.6532,-22.71,30.16,24,64.0,516306.0,15.0
150.55664634,2.33270018,1.6565,-24.27,30.32,23,69.0,681885.0,212.0
149.78475875,1.77920906,1.6568,-22.76,29.94,23,63.0,324124.0,528.0
150.16339335,1.80766552,1.6584,-23.4,30.34,14,69.0,342501.0,730.0
150.42007957,2.05206691,1.6606,-22.42,30.23,12,41.0,494855.0,1124.0
150.69535339,1.94461805,1.6624,-21.91,30.19,9,40.0,427406.0,1292.0
149.65116829,1.9612718,1.6632,-23.21,30.1,17,56.0,438307.0,844.0
149.60232121,2.45893834,1.6673,-22.91,30.32,16,42.0,764578.0,1291.0
150.18595108,1.93151494,1.6677,-23.25,30.58,16,45.0,420926.0,1253.0
149.86025487,2.29759567,1.6679,-23.3,30.32,16,59.0,657699.0,590.0
150.05775721,2.36364466,1.6682,-22.94,30.03,21,51.0,702874.0,521.0
150.33031972,2.25726377,1.6709,-24.04,30.25,21,47.0,631821.0,877.0
150.15849485,2.35798547,1.6721,-23.37,30.49,17,57.0,698840.0,887.0
149.90446738,1.89221864,1.6726,-23.56,30.36,17,51.0,397028.0,722.0
149.63911504,1.845126,1.6728,-22.66,29.69,19,74.0,364969.0,344.0
149.51674781,2.16174734,1.6742,-23.81,30.71,13,45.0,567308.0,1230.0
150.11696261,2.11578821,1.6768,-23.31,30.74,23,58.0,536654.0,524.0
149.93715105,2.41799796,1.6799,-23.66,30.43,16,41.0,738382.0,1305.0
149.73478529,2.26470321,1.6835,-23.85,30.12,18,43.0,636620.0,1023.0
150.17480725,2.20689336,1.6836,-24.05,30.25,23,78.0,597668.0,271.0
150.16450681,2.55682965,1.6859,-22.41,30.27,14,44.0,828669.0,1014.0
150.28500994,2.22250221,1.6871,-23.13,30.3,23,58.0,607531.0,517.0
150.10094076,2.44962039,1.6874,-22.47,29.63,17,48.0,757842.0,859.0
150.07095572,2.25216212,1.6887,-22.78,30.13,16,60.0,627630.0,340.0
149.86879618,2.74745955,1.6895,-23.0,29.83,17,50.0,951052.0,825.0
150.68653341,2.42768674,1.69,-22.92,30.12,19,57.0,744425.0,900.0
149.70775077,2.47612405,1.6906,-22.51,29.63,21,53.0,775658.0,878.0
149.78145568,1.97662475,1.6915,-22.4,30.14,19,44.0,447615.0,842.0
149.82394538,2.15772966,1.6926,-24.08,30.25,29,68.0,565211.0,286.0
149.64803403,1.79478602,1.6926,-24.1,30.28,27,70.0,333887.0,343.0
150.53668723,2.74466687,1.693,-23.5,30.57,10,42.0,950492.0,432.0
150.49158328,2.24487723,1.6943,-22.15,30.15,12,40.0,622519.0,1345.0
149.87597645,2.5747644,1.6943,-23.05,29.83,16,55.0,842955.0,792.0
149.55841174,1.71335562,1.696,-23.36,30.49,20,57.0,282120.0,678.0
150.15284913,2.11308227,1.703,-22.81,30.27,15,53.0,534717.0,977.0
149.7513102,1.88887389,1.7042,-22.92,30.34,20,65.0,392858.0,385.0
150.33895414,1.7178123,1.7046,-23.55,30.03,19,68.0,285031.0,533.0
150.07941953,2.69369614,1.7054,-23.59,30.05,18,53.0,918503.0,738.0
150.5134195,2.55540223,1.7082,-23.11,29.86,17,58.0,829666.0,622.0
150.26265652,2.01778376,1.7084,-23.89,30.5,19,63.0,473454.0,817.0
150.25483532,1.81029447,1.7089,-23.09,30.14,18,70.0,343118.0,389.0
149.49249134,2.75431558,1.7124,-23.1,30.71,19,41.0,955948.0,1314.0
150.23762213,1.74067823,1.719,-22.87,30.05,14,51.0,299094.0,875.0
149.75530977,1.83468294,1.7231,-23.3,30.48,21,65.0,360093.0,598.0
149.71247828,2.15766294,1.7241,-23.01,29.82,17,48.0,565298.0,992.0
150.5525896,2.07116962,1.725,-23.08,29.84,21,53.0,507442.0,562.0
150.13863269,2.01222103,1.7264,-23.55,30.34,30,75.0,471523.0,135.0
150.0899332,2.10224896,1.7281,-22.33,30.06,15,53.0,526602.0,637.0
149.48060704,2.41962504,1.729,-22.7,30.12,21,51.0,738599.0,635.0
149.68291267,2.55763033,1.7299,-22.8,30.12,19,41.0,829722.0,1194.0
150.66447675,2.36500677,1.7307,-22.33,29.94,24,64.0,704636.0,796.0
150.19099965,1.79150404,1.734,-22.51,29.81,15,40.0,331431.0,1093.0
150.44515592,2.16023987,1.7365,-22.4,30.12,18,58.0,566303.0,628.0
150.39178713,2.5269671,1.7369,-23.03,29.81,20,42.0,808631.0,978.0
149.8398377,2.25953877,1.7371,-23.56,30.04,18,60.0,633317.0,261.0
149.81059548,2.66225205,1.7371,-23.66,30.07,11,42.0,897577.0,1261.0
150.34580511,2.23591049,1.7372,-22.5,29.9,15,50.0,616535.0,973.0
149.96613247,1.8639791,1.7378,-23.07,30.27,25,58.0,377573.0,619.0
149.86951758,2.31671671,1.7397,-22.86,29.75,14,53.0,669817.0,689.0
149.86404748,1.7201605,1.7434,-21.96,29.79,11,43.0,285832.0,1336.0
150.05118161,1.81174235,1.7455,-23.09,30.2,17,44.0,343933.0,1197.0
150.05569063,1.69396558,1.7465,-23.47,30.0,24,62.0,270940.0,514.0
150.47631293,2.40576744,1.7471,-22.67,30.0,13,58.0,730281.0,994.0
150.73623212,2.68722902,1.75,-23.03,30.48,17,48.0,913458.0,437.0
150.01149236,2.57872781,1.7517,-21.81,29.68,13,45.0,843099.0,1089.0
149.82681406,2.10038309,1.7519,-22.92,30.49,14,62.0,525898.0,986.0
150.74105245,2.0932479,1.7519,-22.39,30.03,11,47.0,521558.0,1304.0
150.32567325,2.59550444,1.7523,-23.27,30.28,20,43.0,854470.0,895.0
150.26418667,1.8691901,1.7539,-23.11,30.21,11,43.0,381224.0,1204.0
150.49597586,2.53549282,1.7554,-23.48,30.02,24,68.0,815046.0,443.0
149.57807326,2.68728564,1.7565,-23.15,30.07,18,48.0,913622.0,345.0
150.27048781,2.0277546,1.7574,-23.6,30.49,17,52.0,479137.0,893.0
149.63612324,2.70348434,1.7588,-22.95,30.08,18,46.0,924591.0,845.0
150.71486133,2.21086479,1.7595,-22.96,29.8,14,44.0,599171.0,883.0
150.1824711,2.53034528,1.7599,-21.98,29.99,14,59.0,810704.0,985.0
150.31272385,1.71750801,1.7604,-23.0,29.82,18,54.0,284267.0,903.0
149.87317007,1.91320378,1.7604,-23.61,30.78,23,58.0,408508.0,827.0
149.58651743,2.50451148,1.7606,-23.45,30.02,20,46.0,793595.0,904.0
149.98099582,2.50145044,1.7613,-22.6,29.89,15,42.0,791499.0,1187.0
149.47937159,2.7034054,1.7616,-23.23,30.31,11,40.0,924537.0,1316.0
150.69713788,2.61037942,1.7638,-22.47,30.29,11,40.0,863847.0,1350.0
149.59999038,1.96721191,1.7643,-22.29,30.1,22,64.0,441458.0,631.0
150.4474968,2.10193855,1.7643,-23.15,30.23,22,56.0,526994.0,816.0
149.67963835,2.38027926,1.767,-22.12,30.18,21,49.0,713176.0,560.0
149.48068759,2.35838476,1.7671,-23.25,30.49,10,43.0,699128.0,1257.0
150.10458622,2.11763831,1.7672,-23.32,30.23,19,53.0,537251.0,496.0
150.3331731,2.75457559,1.7678,-23.34,30.22,18,43.0,955865.0,38.0
149.57493153,1.82330637,1.7687,-22.66,29.69,24,52.0,351199.0,17.0
149.69355566,2.05714685,1.7706,-23.33,30.38,22,70.0,498469.0,436.0
150.00982358,2.6578958,1.7717,-22.9,29.95,21,52.0,894141.0,915.0
150.15897802,1.8786257,1.7724,-22.83,30.71,17,45.0,386652.0,1191.0
150.50516504,2.03066309,1.773,-22.92,30.05,14,41.0,481353.0,1302.0
150.13357149,2.3703815,1.7733,-23.22,30.31,23,67.0,707472.0,455.0
150.47696868,2.64676137,1.7753,-23.23,30.1,21,63.0,887557.0,302.0
149.99308339,2.0439331,1.7775,-22.75,30.13,20,61.0,489220.0,392.0
149.82780159,1.78749688,1.7792,-22.84,30.01,23,70.0,328089.0,403.0
150.07841384,2.25900054,1.7801,-23.04,29.85,29,74.0,631929.0,215.0
150.56910211,2.13895515,1.7818,-22.63,29.86,13,53.0,551221.0,1177.0
149.86342398,1.81733104,1.782,-23.09,30.08,18,69.0,348866.0,497.0
149.97051823,2.57787841,1.7825,-23.77,30.67,12,40.0,843777.0,1309.0
149.75037029,1.87582508,1.7827,-22.44,29.62,21,67.0,385535.0,508.0
149.79010698,1.71187082,1.7844,-22.94,30.7,18,53.0,280968.0,42.0
150.01731536,2.72038948,1.7879,-23.19,30.45,19,56.0,934951.0,902.0
149.95576006,1.97645047,1.7914,-24.27,30.33,18,58.0,448017.0,490.0
149.52603826,2.27974994,1.7917,-22.51,30.18,14,49.0,645236.0,785.0
150.01101482,1.76282297,1.7921,-23.17,29.88,25,67.0,312286.0,740.0
149.97993833,2.44926037,1.7953,-22.53,30.16,18,53.0,758168.0,40.0
149.64749814,1.86928052,1.7959,-23.33,30.24,14,57.0,381351.0,688.0
150.14942662,2.73571407,1.7981,-22.62,29.91,21,56.0,944936.0,814.0
150.37627745,1.92430194,1.7995,-23.09,30.5,15,49.0,415824.0,1013.0
149.73207423,2.66443774,1.8001,-22.31,30.07,18,56.0,898611.0,1170.0
150.13776993,2.16629028,1.8028,-23.03,30.27,28,71.0,569923.0,202.0
150.31311376,1.95966105,1.8034,-22.52,30.19,14,44.0,436858.0,1201.0
150.10909687,2.29432429,1.8037,-22.99,30.66,18,68.0,655219.0,446.0
150.07587695,2.21166954,1.8047,-23.4,30.72,23,79.0,600465.0,165.0
149.76105161,2.65371873,1.8062,-22.75,30.01,21,43.0,891814.0,1047.0
149.61823443,2.5483608,1.8063,-22.31,29.73,15,57.0,822683.0,694.0
149.92238878,2.56048776,1.8078,-23.36,30.36,14,49.0,830974.0,898.0
149.50353037,2.11366601,1.8088,-22.33,29.64,18,56.0,534283.0,907.0
150.13878263,1.81090828,1.8091,-23.42,30.56,19,41.0,344206.0,768.0
150.27749217,2.10385535,1.81,-22.86,30.44,18,63.0,527595.0,435.0
150.45638257,1.82847873,1.8118,-22.62,29.64,17,40.0,354213.0,990.0
150.58335373,2.08903201,1.8119,-24.28,30.32,23,70.0,519343.0,447.0
150.2574061,2.54523374,1.8129,-23.32,29.93,13,43.0,820925.0,1140.0
150.61109831,2.43729808,1.8141,-22.18,29.99,15,49.0,750155.0,1199.0
150.01986794,2.2876822,1.8157,-23.28,29.93,37,87.0,650590.0,111.0
150.57550435,2.69930796,1.8162,-22.16,30.09,21,43.0,921472.0,1012.0
150.26863844,2.21797402,1.817,-22.99,29.81,25,69.0,603866.0,383.0
149.59886368,1.99512436,1.8179,-22.45,30.33,21,58.0,459129.0,670.0
149.81717904,2.44166807,1.8192,-22.69,29.85,14,40.0,752695.0,1203.0
149.92018439,2.3737832,1.8194,-23.58,30.06,21,62.0,709054.0,449.0
150.11479985,1.96855432,1.8194,-23.08,30.35,23,59.0,442497.0,266.0
149.55657108,2.017877,1.821,-22.42,30.26,16,51.0,472900.0,486.0
149.80567298,2.51468191,1.8216,-23.76,30.68,23,54.0,801243.0,491.0
150.0717544,2.57209624,1.8226,-23.41,30.28,13,43.0,839509.0,1200.0
150.08089778,2.70417682,1.8236,-23.06,30.02,26,56.0,925385.0,398.0
150.62522355,2.3404694,1.824,-23.22,30.38,15,51.0,687610.0,1037.0
149.48584951,2.00578474,1.8254,-22.53,30.36,17,49.0,465402.0,1042.0
150.35010966,1.66751331,1.8263,-22.2,30.43,13,52.0,252886.0,1032.0
150.32475467,2.30417438,1.8332,-23.31,30.41,31,85.0,662957.0,123.0
149.65104945,1.73965362,1.8335,-23.01,30.29,14,57.0,298824.0,498.0
150.2769622,2.74040496,1.8339,-23.01,29.84,21,54.0,946953.0,644.0
149.69556874,1.69153576,1.8353,-22.51,29.88,13,42.0,268689.0,599.0
150.62511787,1.98892758,1.8355,-24.48,30.42,19,59.0,455621.0,1041.0
149.94257522,2.2627923,1.8372,-22.67,30.02,17,51.0,635135.0,1007.0
149.67003097,1.88767692,1.838,-23.19,30.33,17,61.0,392334.0,655.0
150.6591843,2.16964422,1.8404,-22.92,29.81,23,66.0,572028.0,377.0
150.06135475,2.51719738,1.8429,-22.44,29.77,15,41.0,803196.0,1131.0
149.73242874,2.22104731,1.843,-22.19,30.23,19,72.0,605966.0,335.0
150.02069458,2.14272066,1.8441,-22.6,30.04,28,80.0,553270.0,465.0
150.11531412,2.11572613,1.8442,-23.28,29.94,20,54.0,535369.0,636.0
150.03728725,2.66959586,1.847,-23.38,30.43,18,55.0,902320.0,763.0
149.45631792,1.71068382,1.8474,-23.46,30.52,21,44.0,280473.0,774.0
149.65723966,2.75581247,1.8515,-23.16,29.85,15,43.0,956439.0,959.0
150.70188244,1.96710704,1.8522,-22.84,30.23,19,56.0,441975.0,836.0
149.645939,2.41810793,1.8525,-23.5,30.04,15,63.0,737722.0,839.0
149.64046292,1.75693908,1.8542,-22.87,28.21,12,52.0,308062.0,820.0
149.81451682,2.64302902,1.8547,-22.6,29.66,20,47.0,885519.0,1169.0
149.70614715,2.57408169,1.8571,-22.76,30.13,15,42.0,840282.0,47.0
149.64592987,2.55543944,1.8571,-22.9,29.94,12,43.0,827604.0,828.0
149.61268778,2.2970773,1.8573,-23.06,30.59,18,61.0,656693.0,428.0
149.64604768,2.12064399,1.8586,-23.44,30.31,23,59.0,539145.0,781.0
150.21043276,2.36904247,1.859,-22.07,29.69,24,77.0,705739.0,395.0
150.3531366,2.03280059,1.8598,-22.49,29.62,23,63.0,481893.0,300.0
149.7335723,1.75391324,1.8604,-22.77,29.99,16,53.0,307049.0,1034.0
149.66824036,1.76720779,1.8626,-22.65,29.98,20,64.0,315253.0,585.0
150.61848052,2.46150111,1.8627,-22.29,29.95,14,45.0,765815.0,1044.0
150.38391008,2.24589478,1.8686,-23.21,30.38,20,45.0,623502.0,958.0
149.78093048,2.27293674,1.872,-22.34,30.11,15,44.0,641099.0,1319.0
150.38213736,1.86956695,1.8745,-23.58,30.43,24,58.0,380884.0,378.0
150.29215479,2.67862263,1.8812,-22.85,29.77,22,50.0,907608.0,586.0
150.02764551,1.88377498,1.8816,-23.43,29.99,24,48.0,389430.0,638.0
150.24838225,1.87797381,1.884,-22.58,30.01,17,46.0,385547.0,1153.0
149.75302513,1.97387299,1.8848,-23.16,30.26,10,41.0,446221.0,1286.0
150.4058679,1.72704865,1.8862,-24.84,30.54,18,40.0,288024.0,1135.0
150.06563597,2.26100743,1.8915,-23.71,30.36,31,92.0,634164.0,155.0
150.00989105,1.88114517,1.892,-22.75,30.03,19,56.0,387676.0,595.0
149.90833761,2.05659512,1.8928,-22.96,30.4,20,58.0,498027.0,566.0
149.49481695,2.46724727,1.8934,-22.72,30.47,14,57.0,769652.0,1158.0
150.02358056,2.36570662,1.8955,-23.22,30.6,22,80.0,703394.0,146.0
149.98975277,2.29164242,1.8983,-23.48,30.58,22,77.0,653553.0,97.0
150.21848603,2.69764631,1.9002,-22.4,30.26,24,58.0,920127.0,419.0
149.88984015,2.42445766,1.9003,-22.82,29.74,26,66.0,741691.0,11.0
149.87880928,1.84467151,1.9021,-22.91,30.37,25,90.0,364605.0,147.0
150.20266802,2.05710903,1.903,-22.52,29.93,20,79.0,497622.0,283.0
149.77231627,2.08577149,1.9035,-23.51,30.44,27,65.0,517007.0,208.0
150.61623715,2.04349216,1.9038,-23.21,30.27,22,81.0,489348.0,409.0
149.95300623,1.81286224,1.9043,-22.43,30.58,13,55.0,344242.0,874.0
149.54284959,2.15421949,1.9076,-22.43,30.28,19,80.0,560874.0,411.0
149.92294927,1.66501188,1.9079,-23.65,30.66,21,41.0,251984.0,1021.0
149.51143924,1.88723368,1.912,-23.15,30.29,15,56.0,391520.0,852.0
150.41036441,2.61253798,1.9125,-22.55,30.29,15,49.0,864607.0,1126.0
150.68669246,1.98196565,1.9145,-22.58,29.9,19,65.0,450539.0,751.0
150.52126817,2.28195034,1.915,-22.62,30.39,24,81.0,647970.0,159.0
150.28105588,2.23374663,1.9164,-22.19,29.83,19,66.0,614420.0,509.0
150.33205918,1.8660422,1.9179,-23.27,30.51,25,81.0,378886.0,504.0
150.68772785,2.77062117,1.919,-22.74,30.21,26,46.0,965417.0,745.0
150.69107314,2.39988186,1.9195,-22.44,30.06,18,53.0,725700.0,327.0
149.66719775,2.19931927,1.9217,-22.39,30.41,25,86.0,591090.0,117.0
150.3963795,1.67966089,1.9221,-23.42,30.56,13,46.0,261203.0,926.0
150.52098206,1.93210094,1.9221,-21.09,29.47,12,42.0,419462.0,1210.0
149.55139696,2.58375807,1.9228,-22.78,30.32,26,67.0,846662.0,223.0
149.73411815,1.70776562,1.9242,-22.55,30.24,15,56.0,278242.0,999.0
150.30603266,1.98919179,1.9247,-23.32,30.34,27,71.0,455198.0,158.0
149.56167567,2.6909304,1.925,-21.66,29.42,17,61.0,915689.0,847.0
149.52902268,1.80424568,1.9255,-22.6,29.96,22,57.0,339255.0,516.0
149.54028033,2.52830172,1.9296,-22.59,30.08,24,65.0,809987.0,578.0
149.92560728,2.69890203,1.9305,-22.67,29.89,19,83.0,921812.0,279.0
150.16138889,2.23495378,1.9361,-23.07,30.49,28,76.0,615913.0,221.0
149.81046548,1.805254,1.9377,-22.2,29.74,28,86.0,339622.0,178.0
150.060604,1.83272198,1.9379,-22.86,30.08,16,45.0,357203.0,932.0
150.19393918,1.72513577,1.9391,-23.26,30.39,18,53.0,289726.0,1100.0
150.04753205,1.94247773,1.9391,-22.36,30.03,12,46.0,426215.0,843.0
149.99173902,2.5107508,1.9416,-22.17,30.07,11,48.0,796960.0,1238.0
149.50993653,2.10233754,1.9426,-22.84,30.62,21,67.0,526700.0,308.0
150.43292307,1.8356168,1.943,-23.53,30.31,12,43.0,359542.0,1010.0
149.74952045,1.85188967,1.9466,-22.82,30.72,17,66.0,368804.0,652.0
149.69068436,2.34253019,1.9468,-22.74,30.02,17,42.0,687859.0,1161.0
149.95853056,1.92266685,1.9498,-23.41,29.88,26,81.0,415156.0,154.0
149.63997349,1.67968322,1.9502,-22.8,29.1,12,48.0,260213.0,832.0
150.37942453,1.97119074,1.9503,-22.27,29.81,22,64.0,444184.0,743.0
150.01320045,2.08235963,1.9529,-23.34,30.43,30,90.0,514554.0,150.0
150.22432614,2.33786946,1.9538,-23.35,30.42,22,69.0,685056.0,349.0
150.52224968,2.4184195,1.9539,-23.37,30.69,24,64.0,737676.0,388.0
149.59752625,2.74426571,1.9542,-22.83,29.75,30,75.0,949162.0,233.0
149.50390548,2.75942291,1.9553,-22.31,29.72,22,47.0,958826.0,576.0
149.8672051,2.12942136,1.9556,-22.45,29.81,18,74.0,544256.0,387.0
150.05480337,2.76524991,1.958,-22.3,29.79,16,48.0,962180.0,1043.0
149.54401828,2.38108237,1.959,-22.38,30.4,14,45.0,713496.0,1228.0
150.65280101,2.16484946,1.9599,-22.83,30.5,20,68.0,568849.0,417.0
150.17927466,2.54039744,1.9614,-20.94,29.2,14,47.0,817321.0,1272.0
150.1635597,2.37246172,1.9617,-23.02,30.32,15,59.0,708131.0,890.0
150.31666032,2.33015106,1.9623,-22.22,29.79,28,66.0,678459.0,2.0
150.56059975,2.36061431,1.9627,-22.49,29.95,20,65.0,700020.0,611.0
150.54615408,2.76203482,1.9628,-23.53,30.73,29,49.0,960609.0,423.0
149.59525311,1.79022372,1.9643,-22.68,29.92,14,52.0,330244.0,857.0
150.54949696,2.21329262,1.9645,-22.49,30.36,18,60.0,601205.0,575.0
150.27587956,2.08808449,1.9666,-22.8,29.92,30,84.0,518123.0,173.0
149.72580063,2.47441862,1.9667,-22.47,30.17,13,43.0,774268.0,1332.0
149.92216622,2.55726568,1.9672,-22.71,30.36,22,54.0,828778.0,633.0
150.13606733,2.76052246,1.968,-23.26,30.1,20,48.0,960169.0,997.0
149.60778687,2.30697647,1.9688,-23.11,30.45,19,56.0,663513.0,641.0
150.11800832,2.16245493,1.9693,-22.96,30.43,23,65.0,567092.0,351.0
150.39993666,2.13845868,1.9732,-22.99,30.53,29,86.0,551038.0,139.0
149.65423926,2.08742905,1.9739,-22.83,30.14,20,57.0,517515.0,700.0
150.49384836,1.72274797,1.974,-23.13,30.29,9,50.0,287423.0,732.0
150.35550395,2.38286455,1.9748,-22.83,30.04,24,87.0,714800.0,278.0
150.36462142,2.47087652,1.9763,-22.54,29.9,23,62.0,772024.0,553.0
150.31902033,2.75396704,1.9778,-22.21,29.95,20,52.0,955366.0,728.0
150.12851779,1.81500103,1.9784,-22.68,30.05,22,57.0,345880.0,746.0
150.73803849,2.20379372,1.9793,-22.37,30.19,21,72.0,594408.0,513.0
150.27560544,1.79397192,1.9798,-22.85,30.67,21,54.0,332232.0,917.0
149.59676685,2.15817972,1.9814,-22.75,29.38,16,55.0,563733.0,945.0
150.5071453,2.63766661,1.9821,-22.97,30.22,22,64.0,882358.0,456.0
150.28831971,2.57086632,1.9823,-22.35,30.11,10,41.0,837803.0,1019.0
150.61064335,2.55357757,1.9824,-23.44,30.48,17,56.0,826483.0,933.0
150.70804114,2.59038153,1.983,-22.96,30.56,16,53.0,850827.0,608.0
150.5867824,2.72668116,1.9861,-23.08,30.46,12,58.0,939166.0,879.0
150.213738,2.49073037,1.9865,-22.53,30.36,15,54.0,784661.0,472.0
150.60804897,2.23289288,1.9885,-21.97,30.15,19,56.0,614594.0,767.0
149.68969853,2.68080593,1.9898,-23.23,30.36,17,56.0,909903.0,609.0
150.43060199,2.09060218,1.99,-23.76,30.69,25,87.0,519932.0,157.0
150.20512023,2.58262077,1.9902,-22.6,30.61,15,40.0,845870.0,1227.0
150.67325019,2.3432057,1.9903,-22.9,30.3,21,65.0,687819.0,466.0
149.48802575,2.22237085,1.9919,-22.35,30.32,23,62.0,607176.0,620.0
150.45723871,2.34085311,1.9923,-22.72,30.13,13,60.0,686504.0,546.0
150.31691951,1.72948221,1.9926,-22.52,29.88,22,56.0,292040.0,583.0
149.77250095,2.5360203,1.9944,-22.12,30.02,15,41.0,814512.0,1128.0
149.49661942,2.69629115,1.9945,-22.51,29.86,15,55.0,919760.0,1125.0
149.49344096,2.46133171,1.9945,-22.82,30.63,21,64.0,766053.0,758.0
149.96239007,2.14011473,1.9971,-23.44,30.57,27,78.0,551898.0,214.0
150.493103,2.53335852,1.9976,-23.23,30.33,23,63.0,813329.0,242.0
150.15462357,1.90955754,1.9983,-22.51,29.96,18,44.0,405705.0,568.0
150.3100333,1.91020042,2.0017,-22.62,30.31,15,47.0,406017.0,1136.0
149.6461191,2.68810959,2.0027,-22.95,29.86,18,60.0,913834.0,556.0
150.05873802,2.5284854,2.0028,-22.4,29.96,15,50.0,809814.0,920.0
150.12569975,2.27526012,2.0069,-22.61,29.64,17,77.0,642304.0,410.0
150.26464948,1.89703567,2.007,-23.03,30.28,10,48.0,397773.0,1024.0
149.54819046,2.71473111,2.0079,-22.27,29.81,14,65.0,931369.0,445.0
150.59693972,2.13574648,2.0112,-21.86,29.7,13,50.0,548727.0,1141.0
150.12717306,1.75134823,2.0112,-22.24,30.38,13,42.0,305478.0,1294.0
150.62745016,2.58727715,2.0133,-22.52,29.74,15,46.0,849026.0,936.0
150.14770345,2.04478305,2.0143,-23.71,30.07,26,62.0,490108.0,10.0
150.42559137,2.00582124,2.0148,-23.2,30.43,14,69.0,466113.0,258.0
149.62640025,1.98154846,2.0152,-22.66,30.08,23,88.0,450186.0,418.0
150.16165287,2.69158878,2.016,-23.5,30.52,27,53.0,917546.0,7.0
150.02566127,2.2186584,2.0182,-23.81,30.75,23,84.0,605225.0,185.0
149.67565977,2.59921125,2.0205,-23.44,30.31,22,51.0,857362.0,24.0
149.80248222,1.76789236,2.0226,-22.93,30.13,27,80.0,315804.0,299.0
149.46793588,2.39659133,2.0241,-22.81,29.96,14,43.0,723764.0,921.0
150.46485297,2.65261853,2.0241,-23.66,30.82,28,59.0,891603.0,471.0
150.48108202,1.81532435,2.0248,-23.13,30.29,11,42.0,346007.0,942.0
150.11176161,2.48041512,2.0255,-23.27,30.76,14,55.0,779575.0,927.0
150.15588324,2.77539238,2.0265,-22.59,30.34,8,44.0,968742.0,923.0
149.82031383,1.69612222,2.0287,-22.83,29.74,24,48.0,270714.0,632.0
149.60912004,2.30726268,2.0304,-22.79,30.11,17,58.0,663937.0,947.0
150.29173182,1.77902223,2.0342,-21.91,29.49,16,48.0,322461.0,808.0
149.55631969,2.16725152,2.038,-24.21,30.33,18,54.0,570949.0,821.0
149.80240325,2.61965271,2.0393,-22.58,29.96,17,52.0,869670.0,834.0
149.96207411,2.42165351,2.0412,-22.78,30.07,24,62.0,739962.0,468.0
150.33530281,1.66802707,2.043,-23.13,30.4,23,54.0,253506.0,406.0
150.70371092,2.22173482,2.0444,-22.74,30.27,17,71.0,606916.0,656.0
150.68804299,2.68262471,2.0446,-22.62,30.17,18,53.0,910644.0,297.0
150.42136771,2.43558469,2.0462,-24.87,30.57,13,42.0,750877.0,937.0
149.99463133,1.70193727,2.0479,-23.47,30.37,18,65.0,275081.0,612.0
150.04698547,2.68108873,2.0487,-22.72,30.12,16,55.0,909583.0,906.0
150.39873389,2.13707854,2.0502,-23.78,30.36,23,76.0,549957.0,240.0
149.46263597,2.56582789,2.051,-21.84,29.45,19,41.0,834944.0,33.0
149.91473102,2.13018905,2.0515,-23.08,29.86,17,62.0,545541.0,725.0
150.69762146,2.39970162,2.0528,-22.34,30.01,26,66.0,725681.0,295.0
149.60620282,2.50035244,2.057,-22.98,29.88,13,43.0,790752.0,1277.0
150.0668634,2.62468166,2.0578,-23.33,30.48,12,40.0,873105.0,1226.0
150.27030339,2.73169725,2.0579,-22.43,29.89,22,63.0,941719.0,802.0
150.0293894,2.72384822,2.0624,-22.72,29.93,22,59.0,937060.0,325.0
149.77779573,2.52389465,2.0633,-21.9,29.61,16,41.0,806318.0,1025.0
149.82166643,2.3338315,2.0646,-21.76,29.78,22,66.0,681166.0,584.0
149.92959843,2.3168207,2.0649,-22.06,29.88,17,69.0,669533.0,408.0
150.49813234,2.49414843,2.0688,-22.98,29.87,32,81.0,787049.0,187.0
150.32015359,1.83147634,2.0734,-23.53,30.36,21,59.0,356326.0,357.0
150.40771467,2.71545153,2.0736,-22.73,29.91,19,52.0,932094.0,862.0
150.43690084,1.93215887,2.0749,-22.84,30.24,20,46.0,419923.0,928.0
150.3674901,1.8735037,2.0769,-22.07,29.95,15,62.0,382671.0,474.0
150.18304167,2.0778071,2.0805,-23.26,30.29,20,65.0,511651.0,268.0
150.18272806,2.23485476,2.0808,-22.97,30.11,25,65.0,617000.0,361.0
149.75546057,2.66974426,2.0809,-23.64,30.3,19,59.0,904234.0,784.0
149.59830874,1.8209911,2.0812,-22.86,30.26,19,68.0,349550.0,683.0
149.68804021,2.23852294,2.0923,-23.69,30.02,24,59.0,614717.0,19.0
150.48806803,2.41723596,2.0932,-22.52,29.86,16,60.0,736941.0,813.0
149.94800045,1.81391326,2.0949,-22.25,29.38,16,49.0,344772.0,1149.0
150.53113444,2.44370316,2.0953,-22.66,30.03,26,52.0,755551.0,431.0
150.61318407,2.15467306,2.0981,-22.79,30.14,18,55.0,561229.0,764.0
150.56026038,2.58612466,2.0991,-24.23,30.31,18,49.0,850888.0,798.0
149.59527611,1.91719908,2.1022,-23.0,29.89,19,59.0,410478.0,439.0
149.49693181,2.76610311,2.1041,-22.38,30.2,11,43.0,962732.0,1333.0
149.68284313,2.34577122,2.1053,-22.41,30.32,18,49.0,689932.0,43.0
150.09341861,1.9015486,2.1056,-22.86,30.79,15,59.0,400538.0,649.0
149.99220328,2.75815781,2.1056,-22.19,29.35,18,58.0,957386.0,607.0
149.54142021,2.35407891,2.1081,-23.01,30.29,14,41.0,696277.0,1285.0
149.4612411,2.37655979,2.1121,-22.93,30.55,21,41.0,711053.0,1179.0
149.52391386,2.51994049,2.1122,-22.59,30.29,16,51.0,803603.0,1079.0
150.04940233,2.09672745,2.1129,-23.24,30.49,13,49.0,523003.0,762.0
150.01497238,1.72297698,2.1139,-22.53,29.58,17,47.0,287120.0,1076.0
149.86296759,2.33758593,2.1139,-23.05,30.09,16,54.0,684602.0,450.0
149.65563469,2.71623851,2.1143,-23.44,30.59,26,62.0,932331.0,294.0
150.55052406,2.56650785,2.115,-22.63,30.53,14,44.0,835436.0,1104.0
149.52831702,2.45306984,2.1157,-22.63,30.31,18,57.0,760166.0,880.0
149.93594189,2.20294414,2.1213,-22.61,30.19,24,46.0,593765.0,701.0
150.53065631,2.7073191,2.1224,-22.1,29.62,20,62.0,926689.0,756.0
150.38374813,2.54219848,2.1227,-23.14,30.35,17,43.0,819418.0,1178.0
149.86290855,2.61365224,2.1232,-22.49,30.16,13,42.0,865501.0,1073.0
149.90833491,2.03335102,2.126,-22.36,29.86,15,40.0,482302.0,919.0
150.69699453,2.19464965,2.1279,-22.92,30.63,19,63.0,587822.0,475.0
150.52285195,2.35578791,2.1281,-22.82,30.22,15,47.0,696617.0,1137.0
150.17988883,2.10626406,2.129,-23.47,29.95,20,62.0,530729.0,501.0
149.88214698,1.88088898,2.1296,-23.37,30.14,18,56.0,388072.0,846.0
149.89019112,1.9224271,2.1307,-22.64,29.79,19,57.0,413699.0,861.0
149.98891354,2.05327551,2.1308,-23.37,30.7,20,52.0,495704.0,697.0
149.75732911,2.4807502,2.1315,-23.33,30.78,18,44.0,778725.0,1118.0
150.14463586,2.59738163,2.1319,-22.23,29.34,15,42.0,856388.0,1129.0
149.86751457,2.6932168,2.1349,-23.22,30.42,18,57.0,917827.0,613.0
150.55054888,2.77189228,2.1381,-22.32,29.67,18,42.0,966499.0,1086.0
150.32850152,2.35696445,2.143,-23.87,30.44,26,68.0,698831.0,270.0
149.81802642,2.66924155,2.1435,-23.03,30.07,18,47.0,902323.0,872.0
149.91010947,2.67230111,2.144,-23.32,30.53,24,66.0,903467.0,306.0
150.14168263,1.89924668,2.1444,-22.15,29.82,15,41.0,398754.0,1271.0
150.07786763,2.28115557,2.1447,-23.34,30.67,21,61.0,646311.0,569.0
150.25401239,1.79118221,2.145,-22.96,30.24,15,50.0,330796.0,1120.0
150.69436426,2.59820166,2.149,-22.91,29.9,21,60.0,855728.0,25.0
149.51751487,2.66379782,2.15,-22.4,29.76,14,50.0,898185.0,853.0
150.25695101,2.21388686,2.1505,-23.13,30.44,18,57.0,601314.0,429.0
149.6067161,1.73280767,2.1514,-22.95,29.99,26,62.0,293960.0,386.0
150.06998618,2.59565938,2.1542,-22.73,29.71,13,46.0,855313.0,1288.0
149.68794722,2.01818334,2.1543,-23.06,30.63,29,68.0,473127.0,206.0
149.80881381,2.576766,2.1547,-22.74,29.93,21,56.0,842944.0,26.0
150.0343187,1.77557234,2.1551,-23.03,30.5,16,41.0,320814.0,1276.0
150.4551484,1.99242387,2.156,-23.25,30.56,19,61.0,457239.0,434.0
150.63816915,2.56892466,2.1579,-23.63,30.45,15,43.0,836984.0,1075.0
149.63835251,2.39159006,2.1588,-22.59,29.96,15,45.0,720348.0,1069.0
149.84745866,1.70941284,2.1588,-22.53,30.0,11,46.0,278977.0,918.0
149.4741874,1.93686529,2.1606,-21.54,29.49,16,51.0,422647.0,1282.0
150.16913538,2.23839262,2.162,-23.3,30.11,27,69.0,618817.0,6.0
150.16802487,1.74342845,2.1623,-22.76,29.72,10,49.0,300984.0,1003.0
150.00150042,2.2512185,2.1624,-22.68,30.02,20,60.0,626935.0,316.0
149.99116174,2.41049478,2.1637,-22.57,29.92,20,51.0,732383.0,864.0
150.61820905,2.38802827,2.1644,-22.75,30.26,11,44.0,718479.0,1190.0
149.89294733,2.50866715,2.1645,-23.12,30.73,11,47.0,796016.0,1071.0
150.09968169,1.82657879,2.1667,-22.6,30.1,19,53.0,353573.0,849.0
150.46035022,1.67885729,2.17,-22.05,30.01,12,40.0,259648.0,1006.0
149.48637414,2.13062507,2.1734,-22.89,30.59,16,77.0,545384.0,561.0
150.33611589,2.17732014,2.1738,-23.17,30.18,23,63.0,576977.0,736.0
150.05639853,2.6767926,2.1754,-23.75,30.59,26,72.0,908527.0,252.0
150.21101351,2.68767594,2.1762,-23.53,30.23,20,52.0,914233.0,505.0
149.60923369,1.84096239,2.1793,-23.17,29.96,15,61.0,361876.0,621.0
149.89043767,2.52595266,2.1811,-22.26,30.31,15,51.0,807516.0,1066.0
150.36733499,1.84417015,2.182,-22.92,30.24,27,70.0,363947.0,627.0
150.44719611,2.7552341,2.1832,-23.13,30.24,9,44.0,956177.0,1233.0
149.7760696,2.76586402,2.1842,-21.94,29.73,20,50.0,962829.0,1212.0
149.78281243,2.04574032,2.1861,-22.34,29.86,15,40.0,491293.0,1284.0
149.81101632,2.70080138,2.1863,-22.38,29.71,17,60.0,922494.0,684.0
149.61258291,2.28514622,2.1881,-23.47,30.4,15,64.0,649483.0,1057.0
149.64494192,1.99562272,2.1882,-23.33,30.3,19,66.0,458973.0,484.0
150.11273482,2.31944782,2.1885,-23.08,30.09,11,70.0,671669.0,896.0
150.55868381,2.26165821,2.1918,-23.18,30.04,10,44.0,634051.0,1231.0
149.74642363,2.0845153,2.192,-24.09,30.61,28,84.0,516419.0,224.0
149.78395392,1.80922928,2.1956,-22.7,30.07,25,76.0,342156.0,253.0
149.54377259,1.6783608,2.1956,-22.79,29.86,21,45.0,259500.0,729.0
150.47746626,1.70751224,2.196,-22.83,30.08,15,45.0,278101.0,966.0
149.87648886,2.19703036,2.1967,-23.41,30.54,18,62.0,589918.0,663.0
150.03400789,2.28653411,2.1974,-23.61,30.66,17,60.0,650224.0,960.0
150.3894537,2.14567419,2.1981,-22.53,30.26,27,71.0,555217.0,222.0
150.68489206,2.12024675,2.1986,-22.15,29.8,9,42.0,538094.0,1054.0
149.74130909,1.68413892,2.199,-22.51,30.0,14,42.0,263015.0,941.0
150.67439463,2.23290682,2.2016,-22.92,30.17,28,75.0,614533.0,262.0
150.17924062,2.30708878,2.206,-22.46,29.72,16,50.0,663269.0,1155.0
149.58200209,2.54509782,2.2071,-22.19,29.87,17,42.0,820435.0,1234.0
150.10396597,2.18642537,2.2089,-23.15,30.75,24,64.0,583333.0,407.0
149.68618967,2.51963458,2.2127,-22.88,29.64,14,42.0,805068.0,755.0
149.82453911,2.10411888,2.2144,-23.03,30.7,18,60.0,527768.0,630.0
150.56981224,2.06461576,2.215,-22.47,30.29,22,50.0,502751.0,720.0
150.19270574,1.81173974,2.2172,-22.68,29.75,18,43.0,343389.0,1109.0
150.20588186,2.03533983,2.2177,-23.77,30.12,19,53.0,483917.0,953.0
150.09142413,2.10753581,2.218,-22.44,29.67,12,40.0,529924.0,1156.0
149.88502847,2.37499186,2.219,-22.74,29.77,13,61.0,709195.0,664.0
149.92378456,1.90963321,2.2203,-22.17,29.53,13,62.0,406268.0,648.0
149.8355327,1.95845916,2.2212,-23.17,30.44,19,49.0,436235.0,37.0
149.48607926,2.71740858,2.222,-22.08,29.66,20,48.0,933122.0,31.0
149.69280037,2.57284601,2.2221,-22.08,29.56,12,40.0,839463.0,1312.0
150.47129676,2.46032528,2.2237,-22.91,30.09,20,53.0,765518.0,863.0
150.46244185,2.43022377,2.2249,-22.09,29.75,22,61.0,745386.0,901.0
149.59091254,2.64782713,2.2251,-22.59,30.12,21,56.0,887862.0,739.0
150.66177356,1.92937343,2.2271,-22.38,29.66,17,50.0,418062.0,1002.0
149.97647596,2.04405403,2.228,-21.8,29.45,21,49.0,488908.0,988.0
150.21332304,1.75384721,2.2285,-22.47,29.85,13,54.0,306445.0,809.0
149.57145114,1.80933261,2.2297,-22.36,29.78,20,51.0,342086.0,860.0
150.35199423,2.75758784,2.234,-23.16,30.45,21,45.0,957673.0,682.0
150.68284093,2.76171235,2.235,-23.16,30.34,24,50.0,960465.0,18.0
150.33576246,2.54362448,2.2376,-23.75,30.53,18,44.0,820169.0,1097.0
149.61135103,2.05878637,2.2386,-23.02,30.0,20,46.0,499131.0,889.0
149.93018881,2.07994296,2.2389,-21.79,29.67,12,43.0,512492.0,1004.0
149.73638534,2.15819335,2.2402,-22.79,30.02,23,62.0,564142.0,624.0
149.85960919,1.83052697,2.2424,-22.53,29.75,17,46.0,356256.0,1082.0
150.09839352,1.74572905,2.2433,-23.33,30.18,15,48.0,301839.0,660.0
150.48226327,2.61984013,2.2466,-23.33,29.99,10,46.0,869696.0,970.0
150.18578062,2.13507355,2.2469,-23.16,30.07,19,71.0,548756.0,369.0
150.1366345,2.02158217,2.2506,-22.61,29.92,23,59.0,475370.0,601.0
149.56522455,1.9541008,2.2517,-23.53,30.57,12,44.0,433423.0,772.0
149.93264147,2.53640246,2.2551,-23.44,30.38,17,50.0,815056.0,1068.0
149.5237678,2.46719598,2.2586,-23.42,30.63,16,62.0,769776.0,965.0
149.61552846,2.18342459,2.2605,-22.47,30.0,15,48.0,580794.0,987.0
150.27882946,2.13411154,2.2651,-22.81,30.12,22,57.0,548070.0,666.0
150.29972609,1.91550474,2.2666,-24.73,30.51,17,61.0,410181.0,657.0
150.33683364,2.43992479,2.2682,-23.13,30.39,13,47.0,752016.0,1101.0
150.21787696,1.9693584,2.2687,-24.46,30.81,19,54.0,443583.0,659.0
150.27781087,2.71516023,2.2701,-22.52,29.78,17,61.0,931258.0,451.0
149.66225965,1.92273577,2.2705,-23.52,30.52,14,69.0,414984.0,737.0
150.45762243,2.1646015,2.2709,-21.98,29.8,17,52.0,568295.0,629.0
149.88978034,2.10373719,2.272,-23.1,30.21,21,59.0,527767.0,506.0
150.68086394,2.42421481,2.2725,-23.42,30.92,21,56.0,741395.0,788.0
150.41061112,2.70837757,2.2728,-23.25,30.16,21,57.0,927390.0,672.0
150.16135826,2.4957602,2.2735,-21.9,29.55,14,44.0,787800.0,1174.0
149.51235052,2.29359153,2.2768,-23.01,30.23,20,53.0,654714.0,724.0
150.45069306,2.07800454,2.2777,-22.81,30.18,15,62.0,511435.0,264.0
149.57172568,2.75772403,2.2793,-23.86,30.63,18,46.0,957639.0,1096.0
149.46784591,2.41469276,2.2793,-22.25,29.66,15,41.0,735632.0,1142.0
150.60808241,2.75640014,2.2838,-23.18,30.43,17,43.0,956994.0,741.0
149.78536834,1.87305136,2.2844,-22.25,29.57,16,53.0,382582.0,650.0
150.18859316,2.21903742,2.2854,-22.59,29.84,24,57.0,604900.0,400.0
150.48749464,2.27002966,2.2865,-24.74,31.09,16,42.0,640744.0,1189.0
149.72035068,1.9673618,2.2865,-23.88,30.79,19,61.0,443250.0,676.0
150.36540149,2.02970921,2.2878,-23.89,30.63,10,55.0,480494.0,1087.0
150.33267639,2.24713419,2.2924,-23.08,30.22,22,48.0,623743.0,793.0
149.948444,2.40282083,2.2961,-22.72,29.7,14,48.0,727682.0,964.0
150.72089206,2.22107168,2.2991,-23.21,30.32,25,72.0,606791.0,281.0
149.61231919,2.35530773,2.3007,-22.68,29.9,10,44.0,695921.0,1232.0
150.17823617,1.83002408,2.3019,-22.15,29.73,19,40.0,355071.0,1060.0
150.28161122,1.85671703,2.3034,-21.88,29.73,14,41.0,371554.0,1301.0
150.54828278,2.49950818,2.3037,-24.53,30.99,19,49.0,790524.0,1138.0
150.55776246,2.03264112,2.3054,-22.27,29.61,11,54.0,481886.0,807.0
150.34492539,2.73722787,2.3058,-22.96,30.36,22,65.0,944717.0,554.0
149.58076537,1.8995506,2.306,-23.63,30.38,12,57.0,399726.0,956.0
149.82655681,2.01879174,2.3071,-22.72,30.39,10,46.0,473780.0,1300.0
150.72534343,2.39111204,2.3072,-22.96,30.14,18,42.0,720719.0,1059.0
150.04589434,1.7458598,2.308,-22.72,29.82,14,42.0,302499.0,824.0
149.60367195,2.28970554,2.3083,-22.74,30.35,11,43.0,651299.0,1198.0
150.62966649,2.66445408,2.31,-21.97,29.66,14,40.0,898321.0,1313.0
150.18517676,1.90208168,2.3111,-22.19,29.73,16,42.0,401150.0,45.0
149.70543888,2.21711755,2.3158,-23.69,30.32,23,58.0,604304.0,462.0
150.64954216,2.05714685,2.3208,-22.85,30.49,15,46.0,497441.0,1192.0
149.54616833,2.07019093,2.323,-23.04,29.87,15,46.0,506122.0,989.0
150.4730067,1.76877871,2.3236,-23.16,30.09,15,43.0,316749.0,952.0
150.49410417,2.0321928,2.3245,-23.34,30.12,14,43.0,482256.0,1080.0
150.05453474,1.65876144,2.326,-22.83,30.09,19,41.0,247538.0,957.0
149.67742617,2.68292973,2.3263,-22.94,30.25,17,50.0,910609.0,665.0
150.57299714,2.60462609,2.3263,-23.28,30.31,21,50.0,860261.0,797.0
150.35945364,1.71357408,2.3305,-22.3,29.8,18,58.0,281503.0,399.0
150.38333278,2.13972558,2.3309,-23.58,30.6,26,72.0,551652.0,217.0
150.6739217,2.15578917,2.3375,-22.73,30.13,28,66.0,562315.0,210.0
149.50325344,2.20768018,2.339,-22.48,29.81,20,55.0,597397.0,831.0
150.0465557,2.58240218,2.3426,-22.32,30.07,16,44.0,845360.0,1182.0
150.13435732,2.30733357,2.3454,-22.57,29.94,13,45.0,663330.0,1246.0
150.49893181,1.96950809,2.3456,-23.45,30.45,20,54.0,443779.0,974.0
149.97994188,1.9158306,2.3482,-22.55,30.23,23,64.0,409400.0,540.0
149.4851733,2.06442513,2.349,-22.24,29.55,19,40.0,502495.0,1225.0
149.56916891,2.44359376,2.3511,-23.15,29.89,16,44.0,754235.0,1116.0
150.04685459,2.19064728,2.3525,-23.84,30.5,21,49.0,587593.0,549.0
150.42533129,1.73607105,2.3539,-22.41,29.73,12,48.0,295997.0,1239.0
149.55874835,2.54265831,2.354,-23.18,30.27,8,44.0,818911.0,1110.0
149.64898772,2.09809975,2.3542,-23.06,30.37,21,60.0,523741.0,391.0
150.12210218,1.93537656,2.3559,-22.69,29.77,12,50.0,422136.0,971.0
150.64837368,2.57402057,2.3568,-23.9,30.67,16,43.0,840368.0,979.0
149.88493827,2.69787175,2.3575,-22.7,30.33,13,47.0,920040.0,555.0
149.75125593,2.63567342,2.3579,-23.26,29.93,20,46.0,880626.0,993.0
150.41732421,2.70827479,2.3592,-22.82,29.98,13,51.0,927095.0,1220.0
150.28594824,1.92735974,2.3594,-22.58,29.92,10,43.0,416725.0,1337.0
149.49401678,2.54441339,2.3595,-23.42,30.2,14,48.0,820694.0,1092.0
150.53940735,2.70042056,2.361,-24.03,30.26,24,53.0,924274.0,589.0
150.09483212,2.35912133,2.3613,-23.47,30.12,16,42.0,700256.0,1053.0
150.28837714,2.23626557,2.3634,-24.15,30.29,19,60.0,617153.0,969.0
150.29015837,2.16885884,2.3641,-21.99,29.86,14,53.0,570812.0,1051.0
149.6774846,1.92487532,2.3646,-23.99,30.38,24,74.0,417143.0,248.0
150.16552405,1.74901695,2.365,-23.64,30.43,20,52.0,304652.0,855.0
150.54808476,2.19827046,2.3654,-22.33,29.64,17,48.0,590171.0,1085.0
149.83438134,1.93634483,2.3654,-23.53,30.47,12,47.0,422662.0,912.0
149.77356471,2.51093637,2.3659,-22.14,29.83,9,42.0,797088.0,1254.0
150.21523982,1.69433926,2.3665,-22.71,29.85,12,48.0,269791.0,892.0
149.74612266,2.16755855,2.3675,-23.62,30.22,24,67.0,570840.0,179.0
150.34560376,1.95814048,2.3682,-22.34,29.82,16,51.0,435554.0,580.0
149.96300754,2.29323304,2.369,-23.34,29.94,17,47.0,653828.0,691.0
149.97697679,1.80692602,2.3706,-23.49,30.38,18,42.0,340847.0,967.0
150.09618272,2.02934204,2.3753,-23.61,30.32,16,44.0,480382.0,1160.0
149.97831897,2.70277817,2.3803,-23.28,30.52,10,47.0,923652.0,1308.0
149.92673945,2.23266079,2.381,-22.68,29.77,13,46.0,614246.0,799.0
149.80991407,2.08163758,2.3815,-23.09,30.02,18,65.0,514439.0,647.0
149.49791632,1.69871158,2.3818,-22.54,29.83,10,44.0,273018.0,1256.0
150.62835742,2.15548794,2.3819,-22.59,30.04,18,49.0,562143.0,850.0
150.33412165,2.32503566,2.382,-22.59,29.73,16,59.0,675040.0,818.0
150.1979373,2.02635196,2.382,-22.84,30.1,12,45.0,478717.0,1056.0
149.61047169,1.87340451,2.3823,-22.54,29.95,16,69.0,383054.0,794.0
149.57123443,2.40448732,2.3835,-23.3,28.99,19,51.0,728020.0,592.0
150.11851215,2.63868371,2.3865,-23.07,29.85,10,40.0,882526.0,1338.0
149.82128886,2.61845353,2.3879,-22.97,29.84,11,41.0,868948.0,1263.0
149.86087426,2.33853774,2.3888,-23.24,30.72,18,48.0,685079.0,810.0
150.31880743,2.54178094,2.3904,-23.05,30.19,19,42.0,818354.0,866.0
149.6976966,1.99244515,2.3906,-22.46,29.6,19,49.0,456790.0,1065.0
149.66297249,2.43298551,2.3924,-23.85,29.98,15,42.0,747366.0,1317.0
149.80676392,1.70726678,2.3954,-22.95,29.86,13,58.0,277719.0,983.0
150.41251413,2.20092668,2.3959,-23.81,30.71,12,47.0,592950.0,998.0
150.43375057,2.54632114,2.3963,-22.8,29.98,15,48.0,821730.0,1214.0
150.57691186,2.13821072,2.3971,-22.56,29.97,18,53.0,550296.0,687.0
150.489342,2.65441577,2.3975,-22.27,29.96,16,41.0,891846.0,786.0
149.55738121,2.09461019,2.3981,-22.64,30.74,17,43.0,521743.0,1055.0
150.10703852,2.52438043,2.3982,-23.17,30.58,18,42.0,806710.0,1078.0
149.47631181,1.87740302,2.3983,-21.83,29.5,11,40.0,385093.0,1339.0
150.26875244,1.65689648,2.3985,-22.31,29.88,13,52.0,246341.0,1216.0
150.28839568,2.07023209,2.3989,-22.75,29.93,22,46.0,506439.0,531.0
150.6971778,2.65971528,2.4033,-23.22,29.87,16,43.0,895167.0,962.0
150.33867131,1.83880493,2.4036,-22.44,29.65,13,50.0,360664.0,1052.0
149.49664825,2.60175073,2.4057,-22.45,29.87,13,41.0,858001.0,1255.0
149.53511192,2.2243351,2.4066,-23.06,30.75,16,47.0,608550.0,1185.0
149.504482,2.46736855,2.4074,-22.57,29.98,15,53.0,769730.0,1111.0
149.70898835,2.53131391,2.4131,-22.28,29.93,14,42.0,811520.0,1295.0
150.6411669,2.74855658,2.4131,-23.39,30.17,13,42.0,951556.0,1262.0
150.50188766,2.42548744,2.4156,-22.46,30.16,17,41.0,742213.0,1176.0
150.32035796,2.48302869,2.4164,-23.84,30.73,14,43.0,779968.0,773.0
149.90778125,2.50067724,2.4181,-23.1,30.2,14,48.0,790883.0,1173.0
150.19754576,2.4853749,2.42,-22.52,29.71,16,40.0,781254.0,1266.0
150.24638306,2.33779712,2.4215,-23.73,30.49,26,60.0,684655.0,329.0
149.57815878,1.78749506,2.4233,-22.88,30.01,16,53.0,328029.0,534.0
150.39356353,1.89074321,2.4253,-22.69,30.0,13,41.0,393980.0,1223.0
150.42171596,2.60458547,2.4322,-22.9,29.78,13,46.0,859478.0,1224.0
149.99465715,2.12660564,2.4335,-23.08,30.4,18,55.0,542182.0,519.0
150.06909944,2.44400736,2.4355,-23.03,30.21,12,40.0,754372.0,1353.0
150.60803351,2.37481864,2.4366,-24.14,30.63,12,45.0,709912.0,916.0
149.46144713,2.52420138,2.4439,-22.96,30.35,11,41.0,806546.0,1229.0
149.50588881,2.34816981,2.4442,-23.61,30.52,10,45.0,691568.0,1260.0
149.55847219,2.00310942,2.4451,-23.71,30.53,14,58.0,463973.0,1074.0
150.59723593,2.61587987,2.45,-23.01,29.9,11,41.0,867254.0,1343.0
149.61689488,1.68271476,2.453,-22.63,30.02,11,61.0,262655.0,961.0
150.27254754,1.76979443,2.4574,-22.89,30.22,28,58.0,316397.0,604.0
149.85292025,2.33811708,2.4577,-23.47,30.18,16,53.0,686106.0,815.0
150.52320443,2.75873798,2.4581,-22.26,29.78,14,42.0,958274.0,1297.0
150.40962376,2.73560899,2.4667,-23.0,29.85,10,42.0,944043.0,1072.0
150.1254402,1.68549972,2.4704,-23.17,30.32,15,41.0,264234.0,1259.0
149.90309123,1.76677239,2.4746,-23.34,30.59,17,44.0,314769.0,1215.0
149.96476419,2.16951244,2.4762,-23.01,30.53,15,45.0,571351.0,1162.0
150.49250419,2.46075037,2.4764,-23.12,30.07,23,64.0,766048.0,318.0
149.77689303,1.78135609,2.4841,-23.65,30.51,26,61.0,324057.0,424.0
150.46466706,1.96234492,2.4879,-22.94,30.04,23,56.0,439216.0,673.0
